[Licensing::Module] Trying to connect to existing licensing client channel...
Built from '6000.3/staging' branch; Version is '6000.3.11f1 (3000ef702840) revision 3145967'; Using compiler version '194234433'; Build Type 'Release'
[Licensing::IpcConnector] Successfully connected to: "LicenseClient-Admin" at "2026-05-24T17:36:35.6230095Z"
OS: 'Windows 11  (10.0.26200) CoreSingleLanguage' Language: 'en' Physical Memory: 16010 MB
BatchMode: 1, IsHumanControllingUs: 0, StartBugReporterOnCrash: 0, Is64bit: 1
System  architecture: x64
Process architecture: x64
Date: 2026-05-24T17:36:35Z

COMMAND LINE ARGUMENTS:
C:\Program Files\Unity\Hub\Editor\6000.3.11f1\Editor\Unity.exe
-adb2
-batchMode
-noUpm
-name
AssetImportWorker11
-projectPath
G:/STUDY/GameDev/App2/The Traitor's Lullaby[2]/The Traitor's Lullaby[3]
-logFile
Logs/AssetImportWorker11.log
-srvPort
51265
-licensingIpc
LicenseClient-Admin
-job-worker-count
7
-background-job-worker-count
8
-gc-helper-count
1
-name
AssetImport
Successfully changed project path to: G:/STUDY/GameDev/App2/The Traitor's Lullaby[2]/The Traitor's Lullaby[3]
G:/STUDY/GameDev/App2/The Traitor's Lullaby[2]/The Traitor's Lullaby[3]
[UnityMemory] Configuration Parameters - Can be set up in boot.config
    "memorysetup-temp-allocator-size-nav-mesh-worker=65536"
    "memorysetup-temp-allocator-size-audio-worker=65536"
    "memorysetup-temp-allocator-size-gfx=262144"
    "memorysetup-allocator-temp-initial-block-size-main=262144"
    "memorysetup-allocator-temp-initial-block-size-worker=262144"
    "memorysetup-temp-allocator-size-background-worker=32768"
    "memorysetup-temp-allocator-size-job-worker=262144"
    "memorysetup-temp-allocator-size-preload-manager=33554432"
    "memorysetup-temp-allocator-size-gi-baking-worker=262144"
    "memorysetup-temp-allocator-size-gi-baking-worker=262144"
    "memorysetup-temp-allocator-size-gi-baking-worker=262144"
    "memorysetup-temp-allocator-size-gi-baking-worker=262144"
    "memorysetup-temp-allocator-size-gi-baking-worker=262144"
    "memorysetup-bucket-allocator-granularity=16"
    "memorysetup-bucket-allocator-bucket-count=8"
    "memorysetup-bucket-allocator-block-size=33554432"
    "memorysetup-bucket-allocator-block-count=8"
    "memorysetup-main-allocator-block-size=16777216"
    "memorysetup-thread-allocator-block-size=16777216"
    "memorysetup-gfx-main-allocator-block-size=16777216"
    "memorysetup-gfx-thread-allocator-block-size=16777216"
    "memorysetup-cache-allocator-block-size=4194304"
    "memorysetup-typetree-allocator-block-size=2097152"
    "memorysetup-profiler-bucket-allocator-granularity=16"
    "memorysetup-profiler-bucket-allocator-bucket-count=8"
    "memorysetup-profiler-bucket-allocator-block-size=33554432"
    "memorysetup-profiler-bucket-allocator-block-count=8"
    "memorysetup-profiler-allocator-block-size=16777216"
    "memorysetup-profiler-editor-allocator-block-size=1048576"
    "memorysetup-temp-allocator-size-main=16777216"
    "memorysetup-job-temp-allocator-block-size=2097152"
    "memorysetup-job-temp-allocator-block-size-background=1048576"
    "memorysetup-job-temp-allocator-reduction-small-platforms=262144"
    "memorysetup-temp-allocator-size-cloud-worker=32768"
Player connection [47760]  Target information:

Player connection [47760]  * "[IP] 172.29.0.1 [Port] 0 [Flags] 2 [Guid] 906364291 [EditorId] 906364291 [Version] 1048832 [Id] WindowsEditor(7,DESKTOP-SFSR5TO) [Debug] 1 [PackageName] WindowsEditor [ProjectName] Editor" 

Player connection [47760]  * "[IP] 192.168.1.6 [Port] 0 [Flags] 2 [Guid] 906364291 [EditorId] 906364291 [Version] 1048832 [Id] WindowsEditor(7,DESKTOP-SFSR5TO) [Debug] 1 [PackageName] WindowsEditor [ProjectName] Editor" 

Player connection [47760] Host joined multi-casting on [225.0.0.222:54997]...
Player connection [47760] Host joined alternative multi-casting on [225.0.0.222:34997]...
JobSystem: Creating JobQueue using job-worker-count value 7
Input System module state changed to: Initialized.
[Physics::Module] Initialized fallback backend.
[Physics::Module] Id: 0xdecafbad
Library Redirect Path: Library/
[Physics::Module] Selected backend.
[Physics::Module] Name: PhysX
[Physics::Module] Id: 0xf2b8ea05
[Physics::Module] SDK Version: 4.1.2
[Physics::Module] Integration Version: 1.0.0
[Physics::Module] Threading Mode: Multi-Threaded
Refreshing native plugins compatible for Editor in 3.14 ms, found 4 plugins.
Preloading 0 native plugins for Editor in 0.00 ms.
Initialize engine version: 6000.3.11f1 (3000ef702840)
[Subsystems] Discovering subsystems at path C:/Program Files/Unity/Hub/Editor/6000.3.11f1/Editor/Data/Resources/UnitySubsystems
[Subsystems] Discovering subsystems at path G:/STUDY/GameDev/App2/The Traitor's Lullaby[2]/The Traitor's Lullaby[3]/Assets
GfxDevice: creating device client; kGfxThreadingModeNonThreaded
Direct3D:
    Version:  Direct3D 11.0 [level 11.1]
    Renderer: NVIDIA GeForce RTX 4050 Laptop GPU (ID=0x28e1)
    Vendor:   NVIDIA
    VRAM:     5921 MB
    Driver:   32.0.15.7283
Initialize mono
Mono path[0] = 'C:/Program Files/Unity/Hub/Editor/6000.3.11f1/Editor/Data/Managed'
Mono path[1] = 'C:/Program Files/Unity/Hub/Editor/6000.3.11f1/Editor/Data/MonoBleedingEdge/lib/mono/unityjit-win32'
Mono config path = 'C:/Program Files/Unity/Hub/Editor/6000.3.11f1/Editor/Data/MonoBleedingEdge/etc'
Using monoOptions --debugger-agent=transport=dt_socket,embedding=1,server=y,suspend=n,address=127.0.0.1:56160
Begin MonoManager ReloadAssembly
[Licensing::Client] Error: HandshakeResponse reported an error:
	ResponseCode: 505
	ResponseStatus: Unsupported protocol version '1.18.0'.
[Licensing::Module] Error: Failed to handshake to channel: "LicenseClient-Admin"
[Licensing::IpcConnector] LicenseClient-Admin channel disconnected successfully.
[Licensing::IpcConnector] Successfully connected to: "LicenseClient-Admin-6000.3.11" at "2026-05-24T17:36:36.407016Z"
Registering precompiled unity dll's ...
Register platform support module: C:/Program Files/Unity/Hub/Editor/6000.3.11f1/Editor/Data/PlaybackEngines/WindowsStandaloneSupport/UnityEditor.WindowsStandalone.Extensions.dll
[Licensing::Module] Licensing is not yet initialized.
[Licensing::Client] Handshaking with LicensingClient:
  Version:                 1.18.0+23225a6
  Session Id:              5c15dde334964ce5a9370ead7ff9cdf8
  Correlation Id:          4ba005eb345c753d16acbd0631a35ddf
  External correlation Id: 8329718582131240933
  Machine Id:              mHmvHwRkHLaOPFabNUsidTmm7eo=
[Licensing::Module] Successfully connected to LicensingClient on channel: "LicenseClient-Admin-6000.3.11" (connect: 0.00s, validation: 0.00s, handshake: 0.10s)
[Licensing::IpcConnector] Successfully connected to: "LicenseClient-Admin-6000.3.11-notifications" at "2026-05-24T17:36:36.5108092Z"
[Licensing::Module] Licensing Background thread has ended after 0.89s
[Licensing::Module] Licensing is initialized (took 0.07s).
[Licensing::Client] Successfully resolved entitlement details
[Licensing::Module] License group:
  Id: 18968381738591-UnityPersXXXX
  Product: Unity Personal
  Type: Assigned
  Expiration: Unlimited
Register platform support module: C:/Program Files/Unity/Hub/Editor/6000.3.11f1/Editor/Data/PlaybackEngines/AndroidPlayer/UnityEditor.Android.Extensions.dll
Registered in 0.073389 seconds.
- Loaded All Assemblies, in  0.421 seconds
Native extension for Android target not found
Native extension for WindowsStandalone target not found
Package Manager log level set to [2]
[Package Manager] Failed to launch server process. Reason: Unity was launched with the -noUpm command-line argument
[Package Manager] Unable to send message (not connected to server process).
[Package Manager] Cannot connect to Unity Package Manager local server
ScheduleIndexationOnStartup MainProcess:False IndexOnStartup:True
Mono: successfully reloaded assembly
- Finished resetting the current domain, in  0.333 seconds
Domain Reload Profiling: 753ms
	BeginReloadAssembly (99ms)
		ExecutionOrderSort (0ms)
		DisableScriptedObjects (0ms)
		BackupInstance (0ms)
		ReleaseScriptingObjects (0ms)
		CreateAndSetChildDomain (1ms)
	RebuildCommonClasses (32ms)
	RebuildNativeTypeToScriptingClass (10ms)
	initialDomainReloadingComplete (117ms)
	LoadAllAssembliesAndSetupDomain (162ms)
		LoadAssemblies (98ms)
		RebuildTransferFunctionScriptingTraits (0ms)
		AnalyzeDomain (158ms)
			TypeCache.Refresh (157ms)
				TypeCache.ScanAssembly (144ms)
			BuildScriptInfoCaches (0ms)
			ResolveRequiredComponents (0ms)
	FinalizeReload (334ms)
		ReleaseScriptCaches (0ms)
		RebuildScriptCaches (0ms)
		SetupLoadedEditorAssemblies (294ms)
			LogAssemblyErrors (0ms)
			InitializePlatformSupportModulesInManaged (49ms)
			SetLoadedEditorAssemblies (4ms)
			BeforeProcessingInitializeOnLoad (74ms)
			ProcessInitializeOnLoadAttributes (104ms)
			ProcessInitializeOnLoadMethodAttributes (63ms)
			AfterProcessingInitializeOnLoad (0ms)
			EditorAssembliesLoaded (0ms)
		ExecutionOrderSort2 (0ms)
		AwakeInstancesAfterBackupRestoration (0ms)
Assembly reference Packages/com.unity.cinemachine/Editor/Samples/ExposeHDRPInternals/HDRP-Editor-ref.asmref has no target assembly definition
========================================================================
Worker process is ready to serve import requests
Import Worker Mode flag is 0x00
Assembly reference Packages/com.unity.cinemachine/Editor/Samples/ExposeHDRPInternals/HDRP-Editor-ref.asmref has no target assembly definition
Assembly reference Packages/com.unity.cinemachine/Editor/Samples/ExposeHDRPInternals/HDRP-Editor-ref.asmref has no target assembly definition
Begin MonoManager ReloadAssembly
[Licensing::Client] Successfully resolved entitlement details
- Loaded All Assemblies, in  0.711 seconds
Assembly reference Packages/com.unity.cinemachine/Editor/Samples/ExposeHDRPInternals/HDRP-Editor-ref.asmref has no target assembly definition
'Packages/com.unity.cinemachine/Editor/Obsolete/CinemachineVirtualCameraBaseEditor.cs' contains partial class of Unity.Object, exactly 1 of the partial classes needs to be in a file with the same filename. This is to know the one that can be referenced from ie. GameObjects
'Packages/com.unity.cinemachine/Editor/Editors/CinemachineVirtualCameraBaseEditor.cs' contains partial class of Unity.Object, exactly 1 of the partial classes needs to be in a file with the same filename. This is to know the one that can be referenced from ie. GameObjects
Refreshing native plugins compatible for Editor in 1.03 ms, found 4 plugins.
Native extension for Android target not found
Native extension for WindowsStandalone target not found
Assembly reference Packages/com.unity.cinemachine/Editor/Samples/ExposeHDRPInternals/HDRP-Editor-ref.asmref has no target assembly definition
[Package Manager] Failed to launch server process. Reason: Unity was launched with the -noUpm command-line argument
[Package Manager] Unable to send message (not connected to server process).
[Package Manager] Cannot connect to Unity Package Manager local server
[Package Manager] Failed to launch server process. Reason: Unity was launched with the -noUpm command-line argument
[Package Manager] Unable to send message (not connected to server process).
[Package Manager] Cannot connect to Unity Package Manager local server
[Package Manager] Failed to launch server process. Reason: Unity was launched with the -noUpm command-line argument
[Package Manager] Unable to send message (not connected to server process).
[Package Manager] Cannot connect to Unity Package Manager local server
ScheduleIndexationOnStartup MainProcess:False IndexOnStartup:True
Mono: successfully reloaded assembly
- Finished resetting the current domain, in  0.781 seconds
Domain Reload Profiling: 1491ms
	BeginReloadAssembly (132ms)
		ExecutionOrderSort (0ms)
		DisableScriptedObjects (4ms)
		BackupInstance (0ms)
		ReleaseScriptingObjects (0ms)
		CreateAndSetChildDomain (21ms)
	RebuildCommonClasses (27ms)
	RebuildNativeTypeToScriptingClass (9ms)
	initialDomainReloadingComplete (28ms)
	LoadAllAssembliesAndSetupDomain (513ms)
		LoadAssemblies (346ms)
		RebuildTransferFunctionScriptingTraits (0ms)
		AnalyzeDomain (241ms)
			TypeCache.Refresh (160ms)
				TypeCache.ScanAssembly (146ms)
			BuildScriptInfoCaches (67ms)
			ResolveRequiredComponents (10ms)
	FinalizeReload (781ms)
		ReleaseScriptCaches (0ms)
		RebuildScriptCaches (0ms)
		SetupLoadedEditorAssemblies (665ms)
			LogAssemblyErrors (0ms)
			InitializePlatformSupportModulesInManaged (7ms)
			SetLoadedEditorAssemblies (6ms)
			BeforeProcessingInitializeOnLoad (181ms)
			ProcessInitializeOnLoadAttributes (360ms)
			ProcessInitializeOnLoadMethodAttributes (107ms)
			AfterProcessingInitializeOnLoad (3ms)
			EditorAssembliesLoaded (0ms)
		ExecutionOrderSort2 (0ms)
		AwakeInstancesAfterBackupRestoration (5ms)
Launched and connected shader compiler UnityShaderCompiler.exe after 0.01 seconds
Refreshing native plugins compatible for Editor in 2.07 ms, found 4 plugins.
Preloading 0 native plugins for Editor in 0.00 ms.
Unloading 17 Unused Serialized files (Serialized files now loaded: 0)
Unloading 7346 unused Assets / (4.9 MB). Loaded Objects now: 8180.
Memory consumption went from 158.3 MB to 153.4 MB.
Total: 11.414400 ms (FindLiveObjects: 1.693500 ms CreateObjectMapping: 0.565700 ms MarkObjects: 6.503400 ms  DeleteObjects: 2.650300 ms)

========================================================================
Received Prepare
Assembly reference Packages/com.unity.cinemachine/Editor/Samples/ExposeHDRPInternals/HDRP-Editor-ref.asmref has no target assembly definition
Assembly reference Packages/com.unity.cinemachine/Editor/Samples/ExposeHDRPInternals/HDRP-Editor-ref.asmref has no target assembly definition
Begin MonoManager ReloadAssembly
[Licensing::Client] Successfully resolved entitlement details
- Loaded All Assemblies, in  0.677 seconds
Assembly reference Packages/com.unity.cinemachine/Editor/Samples/ExposeHDRPInternals/HDRP-Editor-ref.asmref has no target assembly definition
'Packages/com.unity.cinemachine/Editor/Obsolete/CinemachineVirtualCameraBaseEditor.cs' contains partial class of Unity.Object, exactly 1 of the partial classes needs to be in a file with the same filename. This is to know the one that can be referenced from ie. GameObjects
'Packages/com.unity.cinemachine/Editor/Editors/CinemachineVirtualCameraBaseEditor.cs' contains partial class of Unity.Object, exactly 1 of the partial classes needs to be in a file with the same filename. This is to know the one that can be referenced from ie. GameObjects
Refreshing native plugins compatible for Editor in 1.04 ms, found 4 plugins.
Native extension for Android target not found
Native extension for WindowsStandalone target not found
Assembly reference Packages/com.unity.cinemachine/Editor/Samples/ExposeHDRPInternals/HDRP-Editor-ref.asmref has no target assembly definition
[Package Manager] Failed to launch server process. Reason: Unity was launched with the -noUpm command-line argument
[Package Manager] Unable to send message (not connected to server process).
[Package Manager] Cannot connect to Unity Package Manager local server
[Package Manager] Failed to launch server process. Reason: Unity was launched with the -noUpm command-line argument
[Package Manager] Unable to send message (not connected to server process).
[Package Manager] Cannot connect to Unity Package Manager local server
[Package Manager] Failed to launch server process. Reason: Unity was launched with the -noUpm command-line argument
[Package Manager] Unable to send message (not connected to server process).
[Package Manager] Cannot connect to Unity Package Manager local server
ScheduleIndexationOnStartup MainProcess:False IndexOnStartup:True
Mono: successfully reloaded assembly
- Finished resetting the current domain, in  0.710 seconds
Domain Reload Profiling: 1389ms
	BeginReloadAssembly (172ms)
		ExecutionOrderSort (0ms)
		DisableScriptedObjects (12ms)
		BackupInstance (0ms)
		ReleaseScriptingObjects (0ms)
		CreateAndSetChildDomain (40ms)
	RebuildCommonClasses (29ms)
	RebuildNativeTypeToScriptingClass (11ms)
	initialDomainReloadingComplete (23ms)
	LoadAllAssembliesAndSetupDomain (444ms)
		LoadAssemblies (330ms)
		RebuildTransferFunctionScriptingTraits (0ms)
		AnalyzeDomain (184ms)
			TypeCache.Refresh (6ms)
				TypeCache.ScanAssembly (0ms)
			BuildScriptInfoCaches (164ms)
			ResolveRequiredComponents (9ms)
	FinalizeReload (711ms)
		ReleaseScriptCaches (0ms)
		RebuildScriptCaches (0ms)
		SetupLoadedEditorAssemblies (585ms)
			LogAssemblyErrors (0ms)
			InitializePlatformSupportModulesInManaged (7ms)
			SetLoadedEditorAssemblies (6ms)
			BeforeProcessingInitializeOnLoad (177ms)
			ProcessInitializeOnLoadAttributes (325ms)
			ProcessInitializeOnLoadMethodAttributes (66ms)
			AfterProcessingInitializeOnLoad (4ms)
			EditorAssembliesLoaded (0ms)
		ExecutionOrderSort2 (0ms)
		AwakeInstancesAfterBackupRestoration (12ms)
Refreshing native plugins compatible for Editor in 1.93 ms, found 4 plugins.
Preloading 0 native plugins for Editor in 0.00 ms.
Unloading 17 Unused Serialized files (Serialized files now loaded: 0)
Unloading 7344 unused Assets / (4.7 MB). Loaded Objects now: 8184.
Memory consumption went from 159.1 MB to 154.4 MB.
Total: 9.937800 ms (FindLiveObjects: 0.817500 ms CreateObjectMapping: 0.702700 ms MarkObjects: 5.904400 ms  DeleteObjects: 2.511100 ms)

Prepare: number of updated asset objects reloaded= 0
========================================================================
Received Prepare
'Packages/com.unity.cinemachine/Editor/Obsolete/CinemachineVirtualCameraBaseEditor.cs' contains partial class of Unity.Object, exactly 1 of the partial classes needs to be in a file with the same filename. This is to know the one that can be referenced from ie. GameObjects
'Packages/com.unity.cinemachine/Editor/Editors/CinemachineVirtualCameraBaseEditor.cs' contains partial class of Unity.Object, exactly 1 of the partial classes needs to be in a file with the same filename. This is to know the one that can be referenced from ie. GameObjects
Refreshing native plugins compatible for Editor in 1.86 ms, found 4 plugins.
Preloading 0 native plugins for Editor in 0.00 ms.
Unloading 17 Unused Serialized files (Serialized files now loaded: 0)
Unloading 7335 unused Assets / (4.5 MB). Loaded Objects now: 8185.
Memory consumption went from 159.3 MB to 154.7 MB.
Total: 10.771200 ms (FindLiveObjects: 0.664900 ms CreateObjectMapping: 0.567200 ms MarkObjects: 7.240700 ms  DeleteObjects: 2.294700 ms)

Prepare: number of updated asset objects reloaded= 0
========================================================================
Received Import Request.
  Time since last request: 292467.226490 seconds.
  path: Assets/Scripts/MainMenuController.cs
  artifactKey: Guid(bc29dabd00720fc439fd886a2021df4c) Importer(2089858483,b0f066a214c2f5e87bad3c948f4d605d)
Start importing Assets/Scripts/MainMenuController.cs using Guid(bc29dabd00720fc439fd886a2021df4c) Importer(2089858483,b0f066a214c2f5e87bad3c948f4d605d) (ScriptedImporter) -> (artifact id: '138082b6165af3b50ae001f8559ebea7') in 0.0873966 seconds
Number of updated asset objects reloaded before import = 0Number of asset objects unloaded after import = 0

========================================================================
Received Prepare
'Packages/com.unity.cinemachine/Editor/Obsolete/CinemachineVirtualCameraBaseEditor.cs' contains partial class of Unity.Object, exactly 1 of the partial classes needs to be in a file with the same filename. This is to know the one that can be referenced from ie. GameObjects
'Packages/com.unity.cinemachine/Editor/Editors/CinemachineVirtualCameraBaseEditor.cs' contains partial class of Unity.Object, exactly 1 of the partial classes needs to be in a file with the same filename. This is to know the one that can be referenced from ie. GameObjects
Refreshing native plugins compatible for Editor in 6.08 ms, found 4 plugins.
Preloading 0 native plugins for Editor in 0.00 ms.
Unloading 17 Unused Serialized files (Serialized files now loaded: 0)
Unloading 7335 unused Assets / (4.5 MB). Loaded Objects now: 8187.
Memory consumption went from 160.1 MB to 155.6 MB.
Total: 20.957600 ms (FindLiveObjects: 1.676500 ms CreateObjectMapping: 1.898100 ms MarkObjects: 12.374200 ms  DeleteObjects: 5.007000 ms)

Prepare: number of updated asset objects reloaded= 0
========================================================================
Received Import Request.
  Time since last request: 40.210029 seconds.
  path: Assets/Scripts/MainMenuController.cs
  artifactKey: Guid(bc29dabd00720fc439fd886a2021df4c) Importer(815301076,1909f56bfc062723c751e8b465ee728b)
Start importing Assets/Scripts/MainMenuController.cs using Guid(bc29dabd00720fc439fd886a2021df4c) Importer(815301076,1909f56bfc062723c751e8b465ee728b) (PreviewImporter) -> (artifact id: '00000000000000000000000000000000') in 0.0152376 seconds
Import Error Code:(4)
Message: Build asset version error: assets/scripts/mainmenucontroller.cs in SourceAssetDB has modification time of '2026-05-24T17:47:27.4439115Z' while content on disk has modification time of '2026-05-24T17:47:28.4265671Z'
  ERROR: Build asset version error: assets/scripts/mainmenucontroller.cs in SourceAssetDB has modification time of '2026-05-24T17:47:27.4439115Z' while content on disk has modification time of '2026-05-24T17:47:28.4265671Z'
Number of updated asset objects reloaded before import = 0Number of asset objects unloaded after import = 0

========================================================================
Received Import Request.
  Time since last request: 0.000021 seconds.
  path: Assets/Scripts/MainMenuController.cs
  artifactKey: Guid(bc29dabd00720fc439fd886a2021df4c) Importer(815301076,1909f56bfc062723c751e8b465ee728b)
Start importing Assets/Scripts/MainMenuController.cs using Guid(bc29dabd00720fc439fd886a2021df4c) Importer(815301076,1909f56bfc062723c751e8b465ee728b) (PreviewImporter) -> (artifact id: '00000000000000000000000000000000') in 0.0017431 seconds
Import Error Code:(4)
Message: Build asset version error: assets/scripts/mainmenucontroller.cs in SourceAssetDB has modification time of '2026-05-24T17:47:27.4439115Z' while content on disk has modification time of '2026-05-24T17:47:28.4265671Z'
  ERROR: Build asset version error: assets/scripts/mainmenucontroller.cs in SourceAssetDB has modification time of '2026-05-24T17:47:27.4439115Z' while content on disk has modification time of '2026-05-24T17:47:28.4265671Z'
Number of updated asset objects reloaded before import = 0Number of asset objects unloaded after import = 0

========================================================================
Received Import Request.
  Time since last request: 0.000047 seconds.
  path: Assets/Scripts/MainMenuController.cs
  artifactKey: Guid(bc29dabd00720fc439fd886a2021df4c) Importer(815301076,1909f56bfc062723c751e8b465ee728b)
Start importing Assets/Scripts/MainMenuController.cs using Guid(bc29dabd00720fc439fd886a2021df4c) Importer(815301076,1909f56bfc062723c751e8b465ee728b) (PreviewImporter) -> (artifact id: '00000000000000000000000000000000') in 0.0007578 seconds
Import Error Code:(4)
Message: Build asset version error: assets/scripts/mainmenucontroller.cs in SourceAssetDB has modification time of '2026-05-24T17:47:27.4439115Z' while content on disk has modification time of '2026-05-24T17:47:28.4265671Z'
  ERROR: Build asset version error: assets/scripts/mainmenucontroller.cs in SourceAssetDB has modification time of '2026-05-24T17:47:27.4439115Z' while content on disk has modification time of '2026-05-24T17:47:28.4265671Z'
Number of updated asset objects reloaded before import = 0Number of asset objects unloaded after import = 0

========================================================================
Received Import Request.
  Time since last request: 0.000061 seconds.
  path: Assets/Scripts/MainMenuController.cs
  artifactKey: Guid(bc29dabd00720fc439fd886a2021df4c) Importer(815301076,1909f56bfc062723c751e8b465ee728b)
Start importing Assets/Scripts/MainMenuController.cs using Guid(bc29dabd00720fc439fd886a2021df4c) Importer(815301076,1909f56bfc062723c751e8b465ee728b) (PreviewImporter) -> (artifact id: '00000000000000000000000000000000') in 0.0005794 seconds
Import Error Code:(4)
Message: Build asset version error: assets/scripts/mainmenucontroller.cs in SourceAssetDB has modification time of '2026-05-24T17:47:27.4439115Z' while content on disk has modification time of '2026-05-24T17:47:28.4265671Z'
  ERROR: Build asset version error: assets/scripts/mainmenucontroller.cs in SourceAssetDB has modification time of '2026-05-24T17:47:27.4439115Z' while content on disk has modification time of '2026-05-24T17:47:28.4265671Z'
Number of updated asset objects reloaded before import = 0Number of asset objects unloaded after import = 0

========================================================================
Received Import Request.
  Time since last request: 0.000019 seconds.
  path: Assets/Scripts/MainMenuController.cs
  artifactKey: Guid(bc29dabd00720fc439fd886a2021df4c) Importer(815301076,1909f56bfc062723c751e8b465ee728b)
Start importing Assets/Scripts/MainMenuController.cs using Guid(bc29dabd00720fc439fd886a2021df4c) Importer(815301076,1909f56bfc062723c751e8b465ee728b) (PreviewImporter) -> (artifact id: '00000000000000000000000000000000') in 0.0005971 seconds
Import Error Code:(4)
Message: Build asset version error: assets/scripts/mainmenucontroller.cs in SourceAssetDB has modification time of '2026-05-24T17:47:27.4439115Z' while content on disk has modification time of '2026-05-24T17:47:28.4265671Z'
  ERROR: Build asset version error: assets/scripts/mainmenucontroller.cs in SourceAssetDB has modification time of '2026-05-24T17:47:27.4439115Z' while content on disk has modification time of '2026-05-24T17:47:28.4265671Z'
Number of updated asset objects reloaded before import = 0Number of asset objects unloaded after import = 0

========================================================================
Received Import Request.
  Time since last request: 0.000022 seconds.
  path: Assets/Scripts/MainMenuController.cs
  artifactKey: Guid(bc29dabd00720fc439fd886a2021df4c) Importer(815301076,1909f56bfc062723c751e8b465ee728b)
Start importing Assets/Scripts/MainMenuController.cs using Guid(bc29dabd00720fc439fd886a2021df4c) Importer(815301076,1909f56bfc062723c751e8b465ee728b) (PreviewImporter) -> (artifact id: '00000000000000000000000000000000') in 0.0006022 seconds
Import Error Code:(4)
Message: Build asset version error: assets/scripts/mainmenucontroller.cs in SourceAssetDB has modification time of '2026-05-24T17:47:27.4439115Z' while content on disk has modification time of '2026-05-24T17:47:28.4265671Z'
  ERROR: Build asset version error: assets/scripts/mainmenucontroller.cs in SourceAssetDB has modification time of '2026-05-24T17:47:27.4439115Z' while content on disk has modification time of '2026-05-24T17:47:28.4265671Z'
Number of updated asset objects reloaded before import = 0Number of asset objects unloaded after import = 0

========================================================================
Received Import Request.
  Time since last request: 0.000031 seconds.
  path: Assets/Scripts/MainMenuController.cs
  artifactKey: Guid(bc29dabd00720fc439fd886a2021df4c) Importer(815301076,1909f56bfc062723c751e8b465ee728b)
Start importing Assets/Scripts/MainMenuController.cs using Guid(bc29dabd00720fc439fd886a2021df4c) Importer(815301076,1909f56bfc062723c751e8b465ee728b) (PreviewImporter) -> (artifact id: '00000000000000000000000000000000') in 0.0007636 seconds
Import Error Code:(4)
Message: Build asset version error: assets/scripts/mainmenucontroller.cs in SourceAssetDB has modification time of '2026-05-24T17:47:27.4439115Z' while content on disk has modification time of '2026-05-24T17:47:28.4265671Z'
  ERROR: Build asset version error: assets/scripts/mainmenucontroller.cs in SourceAssetDB has modification time of '2026-05-24T17:47:27.4439115Z' while content on disk has modification time of '2026-05-24T17:47:28.4265671Z'
Number of updated asset objects reloaded before import = 0Number of asset objects unloaded after import = 0

========================================================================
Received Import Request.
  Time since last request: 0.000029 seconds.
  path: Assets/Scripts/MainMenuController.cs
  artifactKey: Guid(bc29dabd00720fc439fd886a2021df4c) Importer(815301076,1909f56bfc062723c751e8b465ee728b)
Start importing Assets/Scripts/MainMenuController.cs using Guid(bc29dabd00720fc439fd886a2021df4c) Importer(815301076,1909f56bfc062723c751e8b465ee728b) (PreviewImporter) -> (artifact id: '00000000000000000000000000000000') in 0.0006704 seconds
Import Error Code:(4)
Message: Build asset version error: assets/scripts/mainmenucontroller.cs in SourceAssetDB has modification time of '2026-05-24T17:47:27.4439115Z' while content on disk has modification time of '2026-05-24T17:47:28.4265671Z'
  ERROR: Build asset version error: assets/scripts/mainmenucontroller.cs in SourceAssetDB has modification time of '2026-05-24T17:47:27.4439115Z' while content on disk has modification time of '2026-05-24T17:47:28.4265671Z'
Number of updated asset objects reloaded before import = 0Number of asset objects unloaded after import = 0

========================================================================
Received Import Request.
  Time since last request: 0.000041 seconds.
  path: Assets/Scripts/MainMenuController.cs
  artifactKey: Guid(bc29dabd00720fc439fd886a2021df4c) Importer(815301076,1909f56bfc062723c751e8b465ee728b)
Start importing Assets/Scripts/MainMenuController.cs using Guid(bc29dabd00720fc439fd886a2021df4c) Importer(815301076,1909f56bfc062723c751e8b465ee728b) (PreviewImporter) -> (artifact id: '00000000000000000000000000000000') in 0.0011057 seconds
Import Error Code:(4)
Message: Build asset version error: assets/scripts/mainmenucontroller.cs in SourceAssetDB has modification time of '2026-05-24T17:47:27.4439115Z' while content on disk has modification time of '2026-05-24T17:47:28.4265671Z'
  ERROR: Build asset version error: assets/scripts/mainmenucontroller.cs in SourceAssetDB has modification time of '2026-05-24T17:47:27.4439115Z' while content on disk has modification time of '2026-05-24T17:47:28.4265671Z'
Number of updated asset objects reloaded before import = 0Number of asset objects unloaded after import = 0

========================================================================
Received Import Request.
  Time since last request: 0.000053 seconds.
  path: Assets/Scripts/MainMenuController.cs
  artifactKey: Guid(bc29dabd00720fc439fd886a2021df4c) Importer(815301076,1909f56bfc062723c751e8b465ee728b)
Start importing Assets/Scripts/MainMenuController.cs using Guid(bc29dabd00720fc439fd886a2021df4c) Importer(815301076,1909f56bfc062723c751e8b465ee728b) (PreviewImporter) -> (artifact id: '00000000000000000000000000000000') in 0.0011093 seconds
Import Error Code:(4)
Message: Build asset version error: assets/scripts/mainmenucontroller.cs in SourceAssetDB has modification time of '2026-05-24T17:47:27.4439115Z' while content on disk has modification time of '2026-05-24T17:47:28.4265671Z'
  ERROR: Build asset version error: assets/scripts/mainmenucontroller.cs in SourceAssetDB has modification time of '2026-05-24T17:47:27.4439115Z' while content on disk has modification time of '2026-05-24T17:47:28.4265671Z'
Number of updated asset objects reloaded before import = 0Number of asset objects unloaded after import = 0

========================================================================
Received Import Request.
  Time since last request: 0.000032 seconds.
  path: Assets/Scripts/MainMenuController.cs
  artifactKey: Guid(bc29dabd00720fc439fd886a2021df4c) Importer(815301076,1909f56bfc062723c751e8b465ee728b)
Start importing Assets/Scripts/MainMenuController.cs using Guid(bc29dabd00720fc439fd886a2021df4c) Importer(815301076,1909f56bfc062723c751e8b465ee728b) (PreviewImporter) -> (artifact id: '00000000000000000000000000000000') in 0.0007523 seconds
Import Error Code:(4)
Message: Build asset version error: assets/scripts/mainmenucontroller.cs in SourceAssetDB has modification time of '2026-05-24T17:47:27.4439115Z' while content on disk has modification time of '2026-05-24T17:47:28.4265671Z'
  ERROR: Build asset version error: assets/scripts/mainmenucontroller.cs in SourceAssetDB has modification time of '2026-05-24T17:47:27.4439115Z' while content on disk has modification time of '2026-05-24T17:47:28.4265671Z'
Number of updated asset objects reloaded before import = 0Number of asset objects unloaded after import = 0

========================================================================
Received Import Request.
  Time since last request: 0.000021 seconds.
  path: Assets/Scripts/MainMenuController.cs
  artifactKey: Guid(bc29dabd00720fc439fd886a2021df4c) Importer(815301076,1909f56bfc062723c751e8b465ee728b)
Start importing Assets/Scripts/MainMenuController.cs using Guid(bc29dabd00720fc439fd886a2021df4c) Importer(815301076,1909f56bfc062723c751e8b465ee728b) (PreviewImporter) -> (artifact id: '00000000000000000000000000000000') in 0.0006111 seconds
Import Error Code:(4)
Message: Build asset version error: assets/scripts/mainmenucontroller.cs in SourceAssetDB has modification time of '2026-05-24T17:47:27.4439115Z' while content on disk has modification time of '2026-05-24T17:47:28.4265671Z'
  ERROR: Build asset version error: assets/scripts/mainmenucontroller.cs in SourceAssetDB has modification time of '2026-05-24T17:47:27.4439115Z' while content on disk has modification time of '2026-05-24T17:47:28.4265671Z'
Number of updated asset objects reloaded before import = 0Number of asset objects unloaded after import = 0

========================================================================
Received Import Request.
  Time since last request: 0.000030 seconds.
  path: Assets/Scripts/MainMenuController.cs
  artifactKey: Guid(bc29dabd00720fc439fd886a2021df4c) Importer(815301076,1909f56bfc062723c751e8b465ee728b)
Start importing Assets/Scripts/MainMenuController.cs using Guid(bc29dabd00720fc439fd886a2021df4c) Importer(815301076,1909f56bfc062723c751e8b465ee728b) (PreviewImporter) -> (artifact id: '00000000000000000000000000000000') in 0.0012191 seconds
Import Error Code:(4)
Message: Build asset version error: assets/scripts/mainmenucontroller.cs in SourceAssetDB has modification time of '2026-05-24T17:47:27.4439115Z' while content on disk has modification time of '2026-05-24T17:47:28.4265671Z'
  ERROR: Build asset version error: assets/scripts/mainmenucontroller.cs in SourceAssetDB has modification time of '2026-05-24T17:47:27.4439115Z' while content on disk has modification time of '2026-05-24T17:47:28.4265671Z'
Number of updated asset objects reloaded before import = 0Number of asset objects unloaded after import = 0

========================================================================
Received Import Request.
  Time since last request: 0.000024 seconds.
  path: Assets/Scripts/MainMenuController.cs
  artifactKey: Guid(bc29dabd00720fc439fd886a2021df4c) Importer(815301076,1909f56bfc062723c751e8b465ee728b)
Start importing Assets/Scripts/MainMenuController.cs using Guid(bc29dabd00720fc439fd886a2021df4c) Importer(815301076,1909f56bfc062723c751e8b465ee728b) (PreviewImporter) -> (artifact id: '00000000000000000000000000000000') in 0.0006861 seconds
Import Error Code:(4)
Message: Build asset version error: assets/scripts/mainmenucontroller.cs in SourceAssetDB has modification time of '2026-05-24T17:47:27.4439115Z' while content on disk has modification time of '2026-05-24T17:47:28.4265671Z'
  ERROR: Build asset version error: assets/scripts/mainmenucontroller.cs in SourceAssetDB has modification time of '2026-05-24T17:47:27.4439115Z' while content on disk has modification time of '2026-05-24T17:47:28.4265671Z'
Number of updated asset objects reloaded before import = 0Number of asset objects unloaded after import = 0

========================================================================
Received Import Request.
  Time since last request: 0.000026 seconds.
  path: Assets/Scripts/MainMenuController.cs
  artifactKey: Guid(bc29dabd00720fc439fd886a2021df4c) Importer(815301076,1909f56bfc062723c751e8b465ee728b)
Start importing Assets/Scripts/MainMenuController.cs using Guid(bc29dabd00720fc439fd886a2021df4c) Importer(815301076,1909f56bfc062723c751e8b465ee728b) (PreviewImporter) -> (artifact id: '00000000000000000000000000000000') in 0.0013379 seconds
Import Error Code:(4)
Message: Build asset version error: assets/scripts/mainmenucontroller.cs in SourceAssetDB has modification time of '2026-05-24T17:47:27.4439115Z' while content on disk has modification time of '2026-05-24T17:47:28.4265671Z'
  ERROR: Build asset version error: assets/scripts/mainmenucontroller.cs in SourceAssetDB has modification time of '2026-05-24T17:47:27.4439115Z' while content on disk has modification time of '2026-05-24T17:47:28.4265671Z'
Number of updated asset objects reloaded before import = 0Number of asset objects unloaded after import = 0

========================================================================
Received Import Request.
  Time since last request: 0.000059 seconds.
  path: Assets/Scripts/MainMenuController.cs
  artifactKey: Guid(bc29dabd00720fc439fd886a2021df4c) Importer(815301076,1909f56bfc062723c751e8b465ee728b)
Start importing Assets/Scripts/MainMenuController.cs using Guid(bc29dabd00720fc439fd886a2021df4c) Importer(815301076,1909f56bfc062723c751e8b465ee728b) (PreviewImporter) -> (artifact id: '00000000000000000000000000000000') in 0.0010058 seconds
Import Error Code:(4)
Message: Build asset version error: assets/scripts/mainmenucontroller.cs in SourceAssetDB has modification time of '2026-05-24T17:47:27.4439115Z' while content on disk has modification time of '2026-05-24T17:47:28.4265671Z'
  ERROR: Build asset version error: assets/scripts/mainmenucontroller.cs in SourceAssetDB has modification time of '2026-05-24T17:47:27.4439115Z' while content on disk has modification time of '2026-05-24T17:47:28.4265671Z'
Number of updated asset objects reloaded before import = 0Number of asset objects unloaded after import = 0

========================================================================
Received Import Request.
  Time since last request: 0.000020 seconds.
  path: Assets/Scripts/MainMenuController.cs
  artifactKey: Guid(bc29dabd00720fc439fd886a2021df4c) Importer(815301076,1909f56bfc062723c751e8b465ee728b)
Start importing Assets/Scripts/MainMenuController.cs using Guid(bc29dabd00720fc439fd886a2021df4c) Importer(815301076,1909f56bfc062723c751e8b465ee728b) (PreviewImporter) -> (artifact id: '00000000000000000000000000000000') in 0.0010336 seconds
Import Error Code:(4)
Message: Build asset version error: assets/scripts/mainmenucontroller.cs in SourceAssetDB has modification time of '2026-05-24T17:47:27.4439115Z' while content on disk has modification time of '2026-05-24T17:47:28.4265671Z'
  ERROR: Build asset version error: assets/scripts/mainmenucontroller.cs in SourceAssetDB has modification time of '2026-05-24T17:47:27.4439115Z' while content on disk has modification time of '2026-05-24T17:47:28.4265671Z'
Number of updated asset objects reloaded before import = 0Number of asset objects unloaded after import = 0

========================================================================
Received Import Request.
  Time since last request: 0.000046 seconds.
  path: Assets/Scripts/MainMenuController.cs
  artifactKey: Guid(bc29dabd00720fc439fd886a2021df4c) Importer(815301076,1909f56bfc062723c751e8b465ee728b)
Start importing Assets/Scripts/MainMenuController.cs using Guid(bc29dabd00720fc439fd886a2021df4c) Importer(815301076,1909f56bfc062723c751e8b465ee728b) (PreviewImporter) -> (artifact id: '00000000000000000000000000000000') in 0.0010486 seconds
Import Error Code:(4)
Message: Build asset version error: assets/scripts/mainmenucontroller.cs in SourceAssetDB has modification time of '2026-05-24T17:47:27.4439115Z' while content on disk has modification time of '2026-05-24T17:47:28.4265671Z'
  ERROR: Build asset version error: assets/scripts/mainmenucontroller.cs in SourceAssetDB has modification time of '2026-05-24T17:47:27.4439115Z' while content on disk has modification time of '2026-05-24T17:47:28.4265671Z'
Number of updated asset objects reloaded before import = 0Number of asset objects unloaded after import = 0

========================================================================
Received Import Request.
  Time since last request: 0.000063 seconds.
  path: Assets/Scripts/MainMenuController.cs
  artifactKey: Guid(bc29dabd00720fc439fd886a2021df4c) Importer(815301076,1909f56bfc062723c751e8b465ee728b)
Start importing Assets/Scripts/MainMenuController.cs using Guid(bc29dabd00720fc439fd886a2021df4c) Importer(815301076,1909f56bfc062723c751e8b465ee728b) (PreviewImporter) -> (artifact id: '00000000000000000000000000000000') in 0.001262 seconds
Import Error Code:(4)
Message: Build asset version error: assets/scripts/mainmenucontroller.cs in SourceAssetDB has modification time of '2026-05-24T17:47:27.4439115Z' while content on disk has modification time of '2026-05-24T17:47:28.4265671Z'
  ERROR: Build asset version error: assets/scripts/mainmenucontroller.cs in SourceAssetDB has modification time of '2026-05-24T17:47:27.4439115Z' while content on disk has modification time of '2026-05-24T17:47:28.4265671Z'
Number of updated asset objects reloaded before import = 0Number of asset objects unloaded after import = 0

========================================================================
Received Import Request.
  Time since last request: 0.000022 seconds.
  path: Assets/Scripts/MainMenuController.cs
  artifactKey: Guid(bc29dabd00720fc439fd886a2021df4c) Importer(815301076,1909f56bfc062723c751e8b465ee728b)
Start importing Assets/Scripts/MainMenuController.cs using Guid(bc29dabd00720fc439fd886a2021df4c) Importer(815301076,1909f56bfc062723c751e8b465ee728b) (PreviewImporter) -> (artifact id: '00000000000000000000000000000000') in 0.0010291 seconds
Import Error Code:(4)
Message: Build asset version error: assets/scripts/mainmenucontroller.cs in SourceAssetDB has modification time of '2026-05-24T17:47:27.4439115Z' while content on disk has modification time of '2026-05-24T17:47:28.4265671Z'
  ERROR: Build asset version error: assets/scripts/mainmenucontroller.cs in SourceAssetDB has modification time of '2026-05-24T17:47:27.4439115Z' while content on disk has modification time of '2026-05-24T17:47:28.4265671Z'
Number of updated asset objects reloaded before import = 0Number of asset objects unloaded after import = 0

========================================================================
Received Import Request.
  Time since last request: 0.000024 seconds.
  path: Assets/Scripts/MainMenuController.cs
  artifactKey: Guid(bc29dabd00720fc439fd886a2021df4c) Importer(815301076,1909f56bfc062723c751e8b465ee728b)
Start importing Assets/Scripts/MainMenuController.cs using Guid(bc29dabd00720fc439fd886a2021df4c) Importer(815301076,1909f56bfc062723c751e8b465ee728b) (PreviewImporter) -> (artifact id: '00000000000000000000000000000000') in 0.0010082 seconds
Import Error Code:(4)
Message: Build asset version error: assets/scripts/mainmenucontroller.cs in SourceAssetDB has modification time of '2026-05-24T17:47:27.4439115Z' while content on disk has modification time of '2026-05-24T17:47:28.4265671Z'
  ERROR: Build asset version error: assets/scripts/mainmenucontroller.cs in SourceAssetDB has modification time of '2026-05-24T17:47:27.4439115Z' while content on disk has modification time of '2026-05-24T17:47:28.4265671Z'
Number of updated asset objects reloaded before import = 0Number of asset objects unloaded after import = 0

========================================================================
Received Import Request.
  Time since last request: 0.000021 seconds.
  path: Assets/Scripts/MainMenuController.cs
  artifactKey: Guid(bc29dabd00720fc439fd886a2021df4c) Importer(815301076,1909f56bfc062723c751e8b465ee728b)
Start importing Assets/Scripts/MainMenuController.cs using Guid(bc29dabd00720fc439fd886a2021df4c) Importer(815301076,1909f56bfc062723c751e8b465ee728b) (PreviewImporter) -> (artifact id: '00000000000000000000000000000000') in 0.0009937 seconds
Import Error Code:(4)
Message: Build asset version error: assets/scripts/mainmenucontroller.cs in SourceAssetDB has modification time of '2026-05-24T17:47:27.4439115Z' while content on disk has modification time of '2026-05-24T17:47:28.4265671Z'
  ERROR: Build asset version error: assets/scripts/mainmenucontroller.cs in SourceAssetDB has modification time of '2026-05-24T17:47:27.4439115Z' while content on disk has modification time of '2026-05-24T17:47:28.4265671Z'
Number of updated asset objects reloaded before import = 0Number of asset objects unloaded after import = 0

========================================================================
Received Import Request.
  Time since last request: 0.000056 seconds.
  path: Assets/Scripts/MainMenuController.cs
  artifactKey: Guid(bc29dabd00720fc439fd886a2021df4c) Importer(815301076,1909f56bfc062723c751e8b465ee728b)
Start importing Assets/Scripts/MainMenuController.cs using Guid(bc29dabd00720fc439fd886a2021df4c) Importer(815301076,1909f56bfc062723c751e8b465ee728b) (PreviewImporter) -> (artifact id: '00000000000000000000000000000000') in 0.0009637 seconds
Import Error Code:(4)
Message: Build asset version error: assets/scripts/mainmenucontroller.cs in SourceAssetDB has modification time of '2026-05-24T17:47:27.4439115Z' while content on disk has modification time of '2026-05-24T17:47:28.4265671Z'
  ERROR: Build asset version error: assets/scripts/mainmenucontroller.cs in SourceAssetDB has modification time of '2026-05-24T17:47:27.4439115Z' while content on disk has modification time of '2026-05-24T17:47:28.4265671Z'
Number of updated asset objects reloaded before import = 0Number of asset objects unloaded after import = 0

========================================================================
Received Import Request.
  Time since last request: 0.000032 seconds.
  path: Assets/Scripts/MainMenuController.cs
  artifactKey: Guid(bc29dabd00720fc439fd886a2021df4c) Importer(815301076,1909f56bfc062723c751e8b465ee728b)
Start importing Assets/Scripts/MainMenuController.cs using Guid(bc29dabd00720fc439fd886a2021df4c) Importer(815301076,1909f56bfc062723c751e8b465ee728b) (PreviewImporter) -> (artifact id: '00000000000000000000000000000000') in 0.0007525 seconds
Import Error Code:(4)
Message: Build asset version error: assets/scripts/mainmenucontroller.cs in SourceAssetDB has modification time of '2026-05-24T17:47:27.4439115Z' while content on disk has modification time of '2026-05-24T17:47:28.4265671Z'
  ERROR: Build asset version error: assets/scripts/mainmenucontroller.cs in SourceAssetDB has modification time of '2026-05-24T17:47:27.4439115Z' while content on disk has modification time of '2026-05-24T17:47:28.4265671Z'
Number of updated asset objects reloaded before import = 0Number of asset objects unloaded after import = 0

========================================================================
Received Import Request.
  Time since last request: 0.000037 seconds.
  path: Assets/Scripts/MainMenuController.cs
  artifactKey: Guid(bc29dabd00720fc439fd886a2021df4c) Importer(815301076,1909f56bfc062723c751e8b465ee728b)
Start importing Assets/Scripts/MainMenuController.cs using Guid(bc29dabd00720fc439fd886a2021df4c) Importer(815301076,1909f56bfc062723c751e8b465ee728b) (PreviewImporter) -> (artifact id: '00000000000000000000000000000000') in 0.0006654 seconds
Import Error Code:(4)
Message: Build asset version error: assets/scripts/mainmenucontroller.cs in SourceAssetDB has modification time of '2026-05-24T17:47:27.4439115Z' while content on disk has modification time of '2026-05-24T17:47:28.4265671Z'
  ERROR: Build asset version error: assets/scripts/mainmenucontroller.cs in SourceAssetDB has modification time of '2026-05-24T17:47:27.4439115Z' while content on disk has modification time of '2026-05-24T17:47:28.4265671Z'
Number of updated asset objects reloaded before import = 0Number of asset objects unloaded after import = 0

========================================================================
Received Import Request.
  Time since last request: 0.000056 seconds.
  path: Assets/Scripts/MainMenuController.cs
  artifactKey: Guid(bc29dabd00720fc439fd886a2021df4c) Importer(815301076,1909f56bfc062723c751e8b465ee728b)
Start importing Assets/Scripts/MainMenuController.cs using Guid(bc29dabd00720fc439fd886a2021df4c) Importer(815301076,1909f56bfc062723c751e8b465ee728b) (PreviewImporter) -> (artifact id: '00000000000000000000000000000000') in 0.0011071 seconds
Import Error Code:(4)
Message: Build asset version error: assets/scripts/mainmenucontroller.cs in SourceAssetDB has modification time of '2026-05-24T17:47:27.4439115Z' while content on disk has modification time of '2026-05-24T17:47:28.4265671Z'
  ERROR: Build asset version error: assets/scripts/mainmenucontroller.cs in SourceAssetDB has modification time of '2026-05-24T17:47:27.4439115Z' while content on disk has modification time of '2026-05-24T17:47:28.4265671Z'
Number of updated asset objects reloaded before import = 0Number of asset objects unloaded after import = 0

========================================================================
Received Import Request.
  Time since last request: 0.000031 seconds.
  path: Assets/Scripts/MainMenuController.cs
  artifactKey: Guid(bc29dabd00720fc439fd886a2021df4c) Importer(815301076,1909f56bfc062723c751e8b465ee728b)
Start importing Assets/Scripts/MainMenuController.cs using Guid(bc29dabd00720fc439fd886a2021df4c) Importer(815301076,1909f56bfc062723c751e8b465ee728b) (PreviewImporter) -> (artifact id: '00000000000000000000000000000000') in 0.00101 seconds
Import Error Code:(4)
Message: Build asset version error: assets/scripts/mainmenucontroller.cs in SourceAssetDB has modification time of '2026-05-24T17:47:27.4439115Z' while content on disk has modification time of '2026-05-24T17:47:28.4265671Z'
  ERROR: Build asset version error: assets/scripts/mainmenucontroller.cs in SourceAssetDB has modification time of '2026-05-24T17:47:27.4439115Z' while content on disk has modification time of '2026-05-24T17:47:28.4265671Z'
Number of updated asset objects reloaded before import = 0Number of asset objects unloaded after import = 0

========================================================================
Received Import Request.
  Time since last request: 0.000036 seconds.
  path: Assets/Scripts/MainMenuController.cs
  artifactKey: Guid(bc29dabd00720fc439fd886a2021df4c) Importer(815301076,1909f56bfc062723c751e8b465ee728b)
Start importing Assets/Scripts/MainMenuController.cs using Guid(bc29dabd00720fc439fd886a2021df4c) Importer(815301076,1909f56bfc062723c751e8b465ee728b) (PreviewImporter) -> (artifact id: '00000000000000000000000000000000') in 0.0016278 seconds
Import Error Code:(4)
Message: Build asset version error: assets/scripts/mainmenucontroller.cs in SourceAssetDB has modification time of '2026-05-24T17:47:27.4439115Z' while content on disk has modification time of '2026-05-24T17:47:28.4265671Z'
  ERROR: Build asset version error: assets/scripts/mainmenucontroller.cs in SourceAssetDB has modification time of '2026-05-24T17:47:27.4439115Z' while content on disk has modification time of '2026-05-24T17:47:28.4265671Z'
Number of updated asset objects reloaded before import = 0Number of asset objects unloaded after import = 0

========================================================================
Received Import Request.
  Time since last request: 0.000031 seconds.
  path: Assets/Scripts/MainMenuController.cs
  artifactKey: Guid(bc29dabd00720fc439fd886a2021df4c) Importer(815301076,1909f56bfc062723c751e8b465ee728b)
Start importing Assets/Scripts/MainMenuController.cs using Guid(bc29dabd00720fc439fd886a2021df4c) Importer(815301076,1909f56bfc062723c751e8b465ee728b) (PreviewImporter) -> (artifact id: '00000000000000000000000000000000') in 0.0005859 seconds
Import Error Code:(4)
Message: Build asset version error: assets/scripts/mainmenucontroller.cs in SourceAssetDB has modification time of '2026-05-24T17:47:27.4439115Z' while content on disk has modification time of '2026-05-24T17:47:28.4265671Z'
  ERROR: Build asset version error: assets/scripts/mainmenucontroller.cs in SourceAssetDB has modification time of '2026-05-24T17:47:27.4439115Z' while content on disk has modification time of '2026-05-24T17:47:28.4265671Z'
Number of updated asset objects reloaded before import = 0Number of asset objects unloaded after import = 0

========================================================================
Received Import Request.
  Time since last request: 0.000038 seconds.
  path: Assets/Scripts/MainMenuController.cs
  artifactKey: Guid(bc29dabd00720fc439fd886a2021df4c) Importer(815301076,1909f56bfc062723c751e8b465ee728b)
Start importing Assets/Scripts/MainMenuController.cs using Guid(bc29dabd00720fc439fd886a2021df4c) Importer(815301076,1909f56bfc062723c751e8b465ee728b) (PreviewImporter) -> (artifact id: '00000000000000000000000000000000') in 0.0013086 seconds
Import Error Code:(4)
Message: Build asset version error: assets/scripts/mainmenucontroller.cs in SourceAssetDB has modification time of '2026-05-24T17:47:27.4439115Z' while content on disk has modification time of '2026-05-24T17:47:28.4265671Z'
  ERROR: Build asset version error: assets/scripts/mainmenucontroller.cs in SourceAssetDB has modification time of '2026-05-24T17:47:27.4439115Z' while content on disk has modification time of '2026-05-24T17:47:28.4265671Z'
Number of updated asset objects reloaded before import = 0Number of asset objects unloaded after import = 0

========================================================================
Received Import Request.
  Time since last request: 0.000021 seconds.
  path: Assets/Scripts/MainMenuController.cs
  artifactKey: Guid(bc29dabd00720fc439fd886a2021df4c) Importer(815301076,1909f56bfc062723c751e8b465ee728b)
Start importing Assets/Scripts/MainMenuController.cs using Guid(bc29dabd00720fc439fd886a2021df4c) Importer(815301076,1909f56bfc062723c751e8b465ee728b) (PreviewImporter) -> (artifact id: '00000000000000000000000000000000') in 0.0008747 seconds
Import Error Code:(4)
Message: Build asset version error: assets/scripts/mainmenucontroller.cs in SourceAssetDB has modification time of '2026-05-24T17:47:27.4439115Z' while content on disk has modification time of '2026-05-24T17:47:28.4265671Z'
  ERROR: Build asset version error: assets/scripts/mainmenucontroller.cs in SourceAssetDB has modification time of '2026-05-24T17:47:27.4439115Z' while content on disk has modification time of '2026-05-24T17:47:28.4265671Z'
Number of updated asset objects reloaded before import = 0Number of asset objects unloaded after import = 0

========================================================================
Received Import Request.
  Time since last request: 0.000045 seconds.
  path: Assets/Scripts/MainMenuController.cs
  artifactKey: Guid(bc29dabd00720fc439fd886a2021df4c) Importer(815301076,1909f56bfc062723c751e8b465ee728b)
Start importing Assets/Scripts/MainMenuController.cs using Guid(bc29dabd00720fc439fd886a2021df4c) Importer(815301076,1909f56bfc062723c751e8b465ee728b) (PreviewImporter) -> (artifact id: '00000000000000000000000000000000') in 0.0011405 seconds
Import Error Code:(4)
Message: Build asset version error: assets/scripts/mainmenucontroller.cs in SourceAssetDB has modification time of '2026-05-24T17:47:27.4439115Z' while content on disk has modification time of '2026-05-24T17:47:28.4265671Z'
  ERROR: Build asset version error: assets/scripts/mainmenucontroller.cs in SourceAssetDB has modification time of '2026-05-24T17:47:27.4439115Z' while content on disk has modification time of '2026-05-24T17:47:28.4265671Z'
Number of updated asset objects reloaded before import = 0Number of asset objects unloaded after import = 0

========================================================================
Received Import Request.
  Time since last request: 0.000031 seconds.
  path: Assets/Scripts/MainMenuController.cs
  artifactKey: Guid(bc29dabd00720fc439fd886a2021df4c) Importer(815301076,1909f56bfc062723c751e8b465ee728b)
Start importing Assets/Scripts/MainMenuController.cs using Guid(bc29dabd00720fc439fd886a2021df4c) Importer(815301076,1909f56bfc062723c751e8b465ee728b) (PreviewImporter) -> (artifact id: '00000000000000000000000000000000') in 0.0009944 seconds
Import Error Code:(4)
Message: Build asset version error: assets/scripts/mainmenucontroller.cs in SourceAssetDB has modification time of '2026-05-24T17:47:27.4439115Z' while content on disk has modification time of '2026-05-24T17:47:28.4265671Z'
  ERROR: Build asset version error: assets/scripts/mainmenucontroller.cs in SourceAssetDB has modification time of '2026-05-24T17:47:27.4439115Z' while content on disk has modification time of '2026-05-24T17:47:28.4265671Z'
Number of updated asset objects reloaded before import = 0Number of asset objects unloaded after import = 0

========================================================================
Received Import Request.
  Time since last request: 0.000022 seconds.
  path: Assets/Scripts/MainMenuController.cs
  artifactKey: Guid(bc29dabd00720fc439fd886a2021df4c) Importer(815301076,1909f56bfc062723c751e8b465ee728b)
Start importing Assets/Scripts/MainMenuController.cs using Guid(bc29dabd00720fc439fd886a2021df4c) Importer(815301076,1909f56bfc062723c751e8b465ee728b) (PreviewImporter) -> (artifact id: '00000000000000000000000000000000') in 0.0006309 seconds
Import Error Code:(4)
Message: Build asset version error: assets/scripts/mainmenucontroller.cs in SourceAssetDB has modification time of '2026-05-24T17:47:27.4439115Z' while content on disk has modification time of '2026-05-24T17:47:28.4265671Z'
  ERROR: Build asset version error: assets/scripts/mainmenucontroller.cs in SourceAssetDB has modification time of '2026-05-24T17:47:27.4439115Z' while content on disk has modification time of '2026-05-24T17:47:28.4265671Z'
Number of updated asset objects reloaded before import = 0Number of asset objects unloaded after import = 0

========================================================================
Received Import Request.
  Time since last request: 0.000050 seconds.
  path: Assets/Scripts/MainMenuController.cs
  artifactKey: Guid(bc29dabd00720fc439fd886a2021df4c) Importer(815301076,1909f56bfc062723c751e8b465ee728b)
Start importing Assets/Scripts/MainMenuController.cs using Guid(bc29dabd00720fc439fd886a2021df4c) Importer(815301076,1909f56bfc062723c751e8b465ee728b) (PreviewImporter) -> (artifact id: '00000000000000000000000000000000') in 0.0009764 seconds
Import Error Code:(4)
Message: Build asset version error: assets/scripts/mainmenucontroller.cs in SourceAssetDB has modification time of '2026-05-24T17:47:27.4439115Z' while content on disk has modification time of '2026-05-24T17:47:28.4265671Z'
  ERROR: Build asset version error: assets/scripts/mainmenucontroller.cs in SourceAssetDB has modification time of '2026-05-24T17:47:27.4439115Z' while content on disk has modification time of '2026-05-24T17:47:28.4265671Z'
Number of updated asset objects reloaded before import = 0Number of asset objects unloaded after import = 0

========================================================================
Received Import Request.
  Time since last request: 0.000019 seconds.
  path: Assets/Scripts/MainMenuController.cs
  artifactKey: Guid(bc29dabd00720fc439fd886a2021df4c) Importer(815301076,1909f56bfc062723c751e8b465ee728b)
Start importing Assets/Scripts/MainMenuController.cs using Guid(bc29dabd00720fc439fd886a2021df4c) Importer(815301076,1909f56bfc062723c751e8b465ee728b) (PreviewImporter) -> (artifact id: '00000000000000000000000000000000') in 0.0013295 seconds
Import Error Code:(4)
Message: Build asset version error: assets/scripts/mainmenucontroller.cs in SourceAssetDB has modification time of '2026-05-24T17:47:27.4439115Z' while content on disk has modification time of '2026-05-24T17:47:28.4265671Z'
  ERROR: Build asset version error: assets/scripts/mainmenucontroller.cs in SourceAssetDB has modification time of '2026-05-24T17:47:27.4439115Z' while content on disk has modification time of '2026-05-24T17:47:28.4265671Z'
Number of updated asset objects reloaded before import = 0Number of asset objects unloaded after import = 0

========================================================================
Received Import Request.
  Time since last request: 0.000021 seconds.
  path: Assets/Scripts/MainMenuController.cs
  artifactKey: Guid(bc29dabd00720fc439fd886a2021df4c) Importer(815301076,1909f56bfc062723c751e8b465ee728b)
Start importing Assets/Scripts/MainMenuController.cs using Guid(bc29dabd00720fc439fd886a2021df4c) Importer(815301076,1909f56bfc062723c751e8b465ee728b) (PreviewImporter) -> (artifact id: '00000000000000000000000000000000') in 0.0010365 seconds
Import Error Code:(4)
Message: Build asset version error: assets/scripts/mainmenucontroller.cs in SourceAssetDB has modification time of '2026-05-24T17:47:27.4439115Z' while content on disk has modification time of '2026-05-24T17:47:28.4265671Z'
  ERROR: Build asset version error: assets/scripts/mainmenucontroller.cs in SourceAssetDB has modification time of '2026-05-24T17:47:27.4439115Z' while content on disk has modification time of '2026-05-24T17:47:28.4265671Z'
Number of updated asset objects reloaded before import = 0Number of asset objects unloaded after import = 0

========================================================================
Received Import Request.
  Time since last request: 0.000066 seconds.
  path: Assets/Scripts/MainMenuController.cs
  artifactKey: Guid(bc29dabd00720fc439fd886a2021df4c) Importer(815301076,1909f56bfc062723c751e8b465ee728b)
Start importing Assets/Scripts/MainMenuController.cs using Guid(bc29dabd00720fc439fd886a2021df4c) Importer(815301076,1909f56bfc062723c751e8b465ee728b) (PreviewImporter) -> (artifact id: '00000000000000000000000000000000') in 0.0010057 seconds
Import Error Code:(4)
Message: Build asset version error: assets/scripts/mainmenucontroller.cs in SourceAssetDB has modification time of '2026-05-24T17:47:27.4439115Z' while content on disk has modification time of '2026-05-24T17:47:28.4265671Z'
  ERROR: Build asset version error: assets/scripts/mainmenucontroller.cs in SourceAssetDB has modification time of '2026-05-24T17:47:27.4439115Z' while content on disk has modification time of '2026-05-24T17:47:28.4265671Z'
Number of updated asset objects reloaded before import = 0Number of asset objects unloaded after import = 0

========================================================================
Received Import Request.
  Time since last request: 0.000020 seconds.
  path: Assets/Scripts/MainMenuController.cs
  artifactKey: Guid(bc29dabd00720fc439fd886a2021df4c) Importer(815301076,1909f56bfc062723c751e8b465ee728b)
Start importing Assets/Scripts/MainMenuController.cs using Guid(bc29dabd00720fc439fd886a2021df4c) Importer(815301076,1909f56bfc062723c751e8b465ee728b) (PreviewImporter) -> (artifact id: '00000000000000000000000000000000') in 0.0007916 seconds
Import Error Code:(4)
Message: Build asset version error: assets/scripts/mainmenucontroller.cs in SourceAssetDB has modification time of '2026-05-24T17:47:27.4439115Z' while content on disk has modification time of '2026-05-24T17:47:28.4265671Z'
  ERROR: Build asset version error: assets/scripts/mainmenucontroller.cs in SourceAssetDB has modification time of '2026-05-24T17:47:27.4439115Z' while content on disk has modification time of '2026-05-24T17:47:28.4265671Z'
Number of updated asset objects reloaded before import = 0Number of asset objects unloaded after import = 0

========================================================================
Received Import Request.
  Time since last request: 0.000019 seconds.
  path: Assets/Scripts/MainMenuController.cs
  artifactKey: Guid(bc29dabd00720fc439fd886a2021df4c) Importer(815301076,1909f56bfc062723c751e8b465ee728b)
Start importing Assets/Scripts/MainMenuController.cs using Guid(bc29dabd00720fc439fd886a2021df4c) Importer(815301076,1909f56bfc062723c751e8b465ee728b) (PreviewImporter) -> (artifact id: '00000000000000000000000000000000') in 0.0006148 seconds
Import Error Code:(4)
Message: Build asset version error: assets/scripts/mainmenucontroller.cs in SourceAssetDB has modification time of '2026-05-24T17:47:27.4439115Z' while content on disk has modification time of '2026-05-24T17:47:28.4265671Z'
  ERROR: Build asset version error: assets/scripts/mainmenucontroller.cs in SourceAssetDB has modification time of '2026-05-24T17:47:27.4439115Z' while content on disk has modification time of '2026-05-24T17:47:28.4265671Z'
Number of updated asset objects reloaded before import = 0Number of asset objects unloaded after import = 0

========================================================================
Received Import Request.
  Time since last request: 0.000039 seconds.
  path: Assets/Scripts/MainMenuController.cs
  artifactKey: Guid(bc29dabd00720fc439fd886a2021df4c) Importer(815301076,1909f56bfc062723c751e8b465ee728b)
Start importing Assets/Scripts/MainMenuController.cs using Guid(bc29dabd00720fc439fd886a2021df4c) Importer(815301076,1909f56bfc062723c751e8b465ee728b) (PreviewImporter) -> (artifact id: '00000000000000000000000000000000') in 0.0016989 seconds
Import Error Code:(4)
Message: Build asset version error: assets/scripts/mainmenucontroller.cs in SourceAssetDB has modification time of '2026-05-24T17:47:27.4439115Z' while content on disk has modification time of '2026-05-24T17:47:28.4265671Z'
  ERROR: Build asset version error: assets/scripts/mainmenucontroller.cs in SourceAssetDB has modification time of '2026-05-24T17:47:27.4439115Z' while content on disk has modification time of '2026-05-24T17:47:28.4265671Z'
Number of updated asset objects reloaded before import = 0Number of asset objects unloaded after import = 0

========================================================================
Received Import Request.
  Time since last request: 0.000044 seconds.
  path: Assets/Scripts/MainMenuController.cs
  artifactKey: Guid(bc29dabd00720fc439fd886a2021df4c) Importer(815301076,1909f56bfc062723c751e8b465ee728b)
Start importing Assets/Scripts/MainMenuController.cs using Guid(bc29dabd00720fc439fd886a2021df4c) Importer(815301076,1909f56bfc062723c751e8b465ee728b) (PreviewImporter) -> (artifact id: '00000000000000000000000000000000') in 0.0005667 seconds
Import Error Code:(4)
Message: Build asset version error: assets/scripts/mainmenucontroller.cs in SourceAssetDB has modification time of '2026-05-24T17:47:27.4439115Z' while content on disk has modification time of '2026-05-24T17:47:28.4265671Z'
  ERROR: Build asset version error: assets/scripts/mainmenucontroller.cs in SourceAssetDB has modification time of '2026-05-24T17:47:27.4439115Z' while content on disk has modification time of '2026-05-24T17:47:28.4265671Z'
Number of updated asset objects reloaded before import = 0Number of asset objects unloaded after import = 0

========================================================================
Received Import Request.
  Time since last request: 0.000095 seconds.
  path: Assets/Scripts/MainMenuController.cs
  artifactKey: Guid(bc29dabd00720fc439fd886a2021df4c) Importer(815301076,1909f56bfc062723c751e8b465ee728b)
Start importing Assets/Scripts/MainMenuController.cs using Guid(bc29dabd00720fc439fd886a2021df4c) Importer(815301076,1909f56bfc062723c751e8b465ee728b) (PreviewImporter) -> (artifact id: '00000000000000000000000000000000') in 0.0010045 seconds
Import Error Code:(4)
Message: Build asset version error: assets/scripts/mainmenucontroller.cs in SourceAssetDB has modification time of '2026-05-24T17:47:27.4439115Z' while content on disk has modification time of '2026-05-24T17:47:28.4265671Z'
  ERROR: Build asset version error: assets/scripts/mainmenucontroller.cs in SourceAssetDB has modification time of '2026-05-24T17:47:27.4439115Z' while content on disk has modification time of '2026-05-24T17:47:28.4265671Z'
Number of updated asset objects reloaded before import = 0Number of asset objects unloaded after import = 0

========================================================================
Received Import Request.
  Time since last request: 0.000022 seconds.
  path: Assets/Scripts/MainMenuController.cs
  artifactKey: Guid(bc29dabd00720fc439fd886a2021df4c) Importer(815301076,1909f56bfc062723c751e8b465ee728b)
Start importing Assets/Scripts/MainMenuController.cs using Guid(bc29dabd00720fc439fd886a2021df4c) Importer(815301076,1909f56bfc062723c751e8b465ee728b) (PreviewImporter) -> (artifact id: '00000000000000000000000000000000') in 0.0006056 seconds
Import Error Code:(4)
Message: Build asset version error: assets/scripts/mainmenucontroller.cs in SourceAssetDB has modification time of '2026-05-24T17:47:27.4439115Z' while content on disk has modification time of '2026-05-24T17:47:28.4265671Z'
  ERROR: Build asset version error: assets/scripts/mainmenucontroller.cs in SourceAssetDB has modification time of '2026-05-24T17:47:27.4439115Z' while content on disk has modification time of '2026-05-24T17:47:28.4265671Z'
Number of updated asset objects reloaded before import = 0Number of asset objects unloaded after import = 0

========================================================================
Received Import Request.
  Time since last request: 0.000049 seconds.
  path: Assets/Scripts/MainMenuController.cs
  artifactKey: Guid(bc29dabd00720fc439fd886a2021df4c) Importer(815301076,1909f56bfc062723c751e8b465ee728b)
Start importing Assets/Scripts/MainMenuController.cs using Guid(bc29dabd00720fc439fd886a2021df4c) Importer(815301076,1909f56bfc062723c751e8b465ee728b) (PreviewImporter) -> (artifact id: '00000000000000000000000000000000') in 0.0010003 seconds
Import Error Code:(4)
Message: Build asset version error: assets/scripts/mainmenucontroller.cs in SourceAssetDB has modification time of '2026-05-24T17:47:27.4439115Z' while content on disk has modification time of '2026-05-24T17:47:28.4265671Z'
  ERROR: Build asset version error: assets/scripts/mainmenucontroller.cs in SourceAssetDB has modification time of '2026-05-24T17:47:27.4439115Z' while content on disk has modification time of '2026-05-24T17:47:28.4265671Z'
Number of updated asset objects reloaded before import = 0Number of asset objects unloaded after import = 0

========================================================================
Received Import Request.
  Time since last request: 0.000027 seconds.
  path: Assets/Scripts/MainMenuController.cs
  artifactKey: Guid(bc29dabd00720fc439fd886a2021df4c) Importer(815301076,1909f56bfc062723c751e8b465ee728b)
Start importing Assets/Scripts/MainMenuController.cs using Guid(bc29dabd00720fc439fd886a2021df4c) Importer(815301076,1909f56bfc062723c751e8b465ee728b) (PreviewImporter) -> (artifact id: '00000000000000000000000000000000') in 0.0005809 seconds
Import Error Code:(4)
Message: Build asset version error: assets/scripts/mainmenucontroller.cs in SourceAssetDB has modification time of '2026-05-24T17:47:27.4439115Z' while content on disk has modification time of '2026-05-24T17:47:28.4265671Z'
  ERROR: Build asset version error: assets/scripts/mainmenucontroller.cs in SourceAssetDB has modification time of '2026-05-24T17:47:27.4439115Z' while content on disk has modification time of '2026-05-24T17:47:28.4265671Z'
Number of updated asset objects reloaded before import = 0Number of asset objects unloaded after import = 0

========================================================================
Received Import Request.
  Time since last request: 0.000031 seconds.
  path: Assets/Scripts/MainMenuController.cs
  artifactKey: Guid(bc29dabd00720fc439fd886a2021df4c) Importer(815301076,1909f56bfc062723c751e8b465ee728b)
Start importing Assets/Scripts/MainMenuController.cs using Guid(bc29dabd00720fc439fd886a2021df4c) Importer(815301076,1909f56bfc062723c751e8b465ee728b) (PreviewImporter) -> (artifact id: '00000000000000000000000000000000') in 0.0006016 seconds
Import Error Code:(4)
Message: Build asset version error: assets/scripts/mainmenucontroller.cs in SourceAssetDB has modification time of '2026-05-24T17:47:27.4439115Z' while content on disk has modification time of '2026-05-24T17:47:28.4265671Z'
  ERROR: Build asset version error: assets/scripts/mainmenucontroller.cs in SourceAssetDB has modification time of '2026-05-24T17:47:27.4439115Z' while content on disk has modification time of '2026-05-24T17:47:28.4265671Z'
Number of updated asset objects reloaded before import = 0Number of asset objects unloaded after import = 0

========================================================================
Received Import Request.
  Time since last request: 0.000048 seconds.
  path: Assets/Scripts/MainMenuController.cs
  artifactKey: Guid(bc29dabd00720fc439fd886a2021df4c) Importer(815301076,1909f56bfc062723c751e8b465ee728b)
Start importing Assets/Scripts/MainMenuController.cs using Guid(bc29dabd00720fc439fd886a2021df4c) Importer(815301076,1909f56bfc062723c751e8b465ee728b) (PreviewImporter) -> (artifact id: '00000000000000000000000000000000') in 0.0009575 seconds
Import Error Code:(4)
Message: Build asset version error: assets/scripts/mainmenucontroller.cs in SourceAssetDB has modification time of '2026-05-24T17:47:27.4439115Z' while content on disk has modification time of '2026-05-24T17:47:28.4265671Z'
  ERROR: Build asset version error: assets/scripts/mainmenucontroller.cs in SourceAssetDB has modification time of '2026-05-24T17:47:27.4439115Z' while content on disk has modification time of '2026-05-24T17:47:28.4265671Z'
Number of updated asset objects reloaded before import = 0Number of asset objects unloaded after import = 0

========================================================================
Received Import Request.
  Time since last request: 0.000061 seconds.
  path: Assets/Scripts/MainMenuController.cs
  artifactKey: Guid(bc29dabd00720fc439fd886a2021df4c) Importer(815301076,1909f56bfc062723c751e8b465ee728b)
Start importing Assets/Scripts/MainMenuController.cs using Guid(bc29dabd00720fc439fd886a2021df4c) Importer(815301076,1909f56bfc062723c751e8b465ee728b) (PreviewImporter) -> (artifact id: '00000000000000000000000000000000') in 0.0010177 seconds
Import Error Code:(4)
Message: Build asset version error: assets/scripts/mainmenucontroller.cs in SourceAssetDB has modification time of '2026-05-24T17:47:27.4439115Z' while content on disk has modification time of '2026-05-24T17:47:28.4265671Z'
  ERROR: Build asset version error: assets/scripts/mainmenucontroller.cs in SourceAssetDB has modification time of '2026-05-24T17:47:27.4439115Z' while content on disk has modification time of '2026-05-24T17:47:28.4265671Z'
Number of updated asset objects reloaded before import = 0Number of asset objects unloaded after import = 0

========================================================================
Received Import Request.
  Time since last request: 0.000022 seconds.
  path: Assets/Scripts/MainMenuController.cs
  artifactKey: Guid(bc29dabd00720fc439fd886a2021df4c) Importer(815301076,1909f56bfc062723c751e8b465ee728b)
Start importing Assets/Scripts/MainMenuController.cs using Guid(bc29dabd00720fc439fd886a2021df4c) Importer(815301076,1909f56bfc062723c751e8b465ee728b) (PreviewImporter) -> (artifact id: '00000000000000000000000000000000') in 0.001013 seconds
Import Error Code:(4)
Message: Build asset version error: assets/scripts/mainmenucontroller.cs in SourceAssetDB has modification time of '2026-05-24T17:47:27.4439115Z' while content on disk has modification time of '2026-05-24T17:47:28.4265671Z'
  ERROR: Build asset version error: assets/scripts/mainmenucontroller.cs in SourceAssetDB has modification time of '2026-05-24T17:47:27.4439115Z' while content on disk has modification time of '2026-05-24T17:47:28.4265671Z'
Number of updated asset objects reloaded before import = 0Number of asset objects unloaded after import = 0

========================================================================
Received Import Request.
  Time since last request: 0.000032 seconds.
  path: Assets/Scripts/MainMenuController.cs
  artifactKey: Guid(bc29dabd00720fc439fd886a2021df4c) Importer(815301076,1909f56bfc062723c751e8b465ee728b)
Start importing Assets/Scripts/MainMenuController.cs using Guid(bc29dabd00720fc439fd886a2021df4c) Importer(815301076,1909f56bfc062723c751e8b465ee728b) (PreviewImporter) -> (artifact id: '00000000000000000000000000000000') in 0.0010409 seconds
Import Error Code:(4)
Message: Build asset version error: assets/scripts/mainmenucontroller.cs in SourceAssetDB has modification time of '2026-05-24T17:47:27.4439115Z' while content on disk has modification time of '2026-05-24T17:47:28.4265671Z'
  ERROR: Build asset version error: assets/scripts/mainmenucontroller.cs in SourceAssetDB has modification time of '2026-05-24T17:47:27.4439115Z' while content on disk has modification time of '2026-05-24T17:47:28.4265671Z'
Number of updated asset objects reloaded before import = 0Number of asset objects unloaded after import = 0

========================================================================
Received Import Request.
  Time since last request: 0.000018 seconds.
  path: Assets/Scripts/MainMenuController.cs
  artifactKey: Guid(bc29dabd00720fc439fd886a2021df4c) Importer(815301076,1909f56bfc062723c751e8b465ee728b)
Start importing Assets/Scripts/MainMenuController.cs using Guid(bc29dabd00720fc439fd886a2021df4c) Importer(815301076,1909f56bfc062723c751e8b465ee728b) (PreviewImporter) -> (artifact id: '00000000000000000000000000000000') in 0.0009969 seconds
Import Error Code:(4)
Message: Build asset version error: assets/scripts/mainmenucontroller.cs in SourceAssetDB has modification time of '2026-05-24T17:47:27.4439115Z' while content on disk has modification time of '2026-05-24T17:47:28.4265671Z'
  ERROR: Build asset version error: assets/scripts/mainmenucontroller.cs in SourceAssetDB has modification time of '2026-05-24T17:47:27.4439115Z' while content on disk has modification time of '2026-05-24T17:47:28.4265671Z'
Number of updated asset objects reloaded before import = 0Number of asset objects unloaded after import = 0

========================================================================
Received Import Request.
  Time since last request: 0.000021 seconds.
  path: Assets/Scripts/MainMenuController.cs
  artifactKey: Guid(bc29dabd00720fc439fd886a2021df4c) Importer(815301076,1909f56bfc062723c751e8b465ee728b)
Start importing Assets/Scripts/MainMenuController.cs using Guid(bc29dabd00720fc439fd886a2021df4c) Importer(815301076,1909f56bfc062723c751e8b465ee728b) (PreviewImporter) -> (artifact id: '00000000000000000000000000000000') in 0.0010104 seconds
Import Error Code:(4)
Message: Build asset version error: assets/scripts/mainmenucontroller.cs in SourceAssetDB has modification time of '2026-05-24T17:47:27.4439115Z' while content on disk has modification time of '2026-05-24T17:47:28.4265671Z'
  ERROR: Build asset version error: assets/scripts/mainmenucontroller.cs in SourceAssetDB has modification time of '2026-05-24T17:47:27.4439115Z' while content on disk has modification time of '2026-05-24T17:47:28.4265671Z'
Number of updated asset objects reloaded before import = 0Number of asset objects unloaded after import = 0

========================================================================
Received Import Request.
  Time since last request: 0.000055 seconds.
  path: Assets/Scripts/MainMenuController.cs
  artifactKey: Guid(bc29dabd00720fc439fd886a2021df4c) Importer(815301076,1909f56bfc062723c751e8b465ee728b)
Start importing Assets/Scripts/MainMenuController.cs using Guid(bc29dabd00720fc439fd886a2021df4c) Importer(815301076,1909f56bfc062723c751e8b465ee728b) (PreviewImporter) -> (artifact id: '00000000000000000000000000000000') in 0.0007467 seconds
Import Error Code:(4)
Message: Build asset version error: assets/scripts/mainmenucontroller.cs in SourceAssetDB has modification time of '2026-05-24T17:47:27.4439115Z' while content on disk has modification time of '2026-05-24T17:47:28.4265671Z'
  ERROR: Build asset version error: assets/scripts/mainmenucontroller.cs in SourceAssetDB has modification time of '2026-05-24T17:47:27.4439115Z' while content on disk has modification time of '2026-05-24T17:47:28.4265671Z'
Number of updated asset objects reloaded before import = 0Number of asset objects unloaded after import = 0

========================================================================
Received Import Request.
  Time since last request: 0.000032 seconds.
  path: Assets/Scripts/MainMenuController.cs
  artifactKey: Guid(bc29dabd00720fc439fd886a2021df4c) Importer(815301076,1909f56bfc062723c751e8b465ee728b)
Start importing Assets/Scripts/MainMenuController.cs using Guid(bc29dabd00720fc439fd886a2021df4c) Importer(815301076,1909f56bfc062723c751e8b465ee728b) (PreviewImporter) -> (artifact id: '00000000000000000000000000000000') in 0.0008682 seconds
Import Error Code:(4)
Message: Build asset version error: assets/scripts/mainmenucontroller.cs in SourceAssetDB has modification time of '2026-05-24T17:47:27.4439115Z' while content on disk has modification time of '2026-05-24T17:47:28.4265671Z'
  ERROR: Build asset version error: assets/scripts/mainmenucontroller.cs in SourceAssetDB has modification time of '2026-05-24T17:47:27.4439115Z' while content on disk has modification time of '2026-05-24T17:47:28.4265671Z'
Number of updated asset objects reloaded before import = 0Number of asset objects unloaded after import = 0

========================================================================
Received Import Request.
  Time since last request: 0.000034 seconds.
  path: Assets/Scripts/MainMenuController.cs
  artifactKey: Guid(bc29dabd00720fc439fd886a2021df4c) Importer(815301076,1909f56bfc062723c751e8b465ee728b)
Start importing Assets/Scripts/MainMenuController.cs using Guid(bc29dabd00720fc439fd886a2021df4c) Importer(815301076,1909f56bfc062723c751e8b465ee728b) (PreviewImporter) -> (artifact id: '00000000000000000000000000000000') in 0.0029983 seconds
Import Error Code:(4)
Message: Build asset version error: assets/scripts/mainmenucontroller.cs in SourceAssetDB has modification time of '2026-05-24T17:47:27.4439115Z' while content on disk has modification time of '2026-05-24T17:47:28.4265671Z'
  ERROR: Build asset version error: assets/scripts/mainmenucontroller.cs in SourceAssetDB has modification time of '2026-05-24T17:47:27.4439115Z' while content on disk has modification time of '2026-05-24T17:47:28.4265671Z'
Number of updated asset objects reloaded before import = 0Number of asset objects unloaded after import = 0

========================================================================
Received Import Request.
  Time since last request: 0.000131 seconds.
  path: Assets/Scripts/MainMenuController.cs
  artifactKey: Guid(bc29dabd00720fc439fd886a2021df4c) Importer(815301076,1909f56bfc062723c751e8b465ee728b)
Start importing Assets/Scripts/MainMenuController.cs using Guid(bc29dabd00720fc439fd886a2021df4c) Importer(815301076,1909f56bfc062723c751e8b465ee728b) (PreviewImporter) -> (artifact id: '00000000000000000000000000000000') in 0.0016811 seconds
Import Error Code:(4)
Message: Build asset version error: assets/scripts/mainmenucontroller.cs in SourceAssetDB has modification time of '2026-05-24T17:47:27.4439115Z' while content on disk has modification time of '2026-05-24T17:47:28.4265671Z'
  ERROR: Build asset version error: assets/scripts/mainmenucontroller.cs in SourceAssetDB has modification time of '2026-05-24T17:47:27.4439115Z' while content on disk has modification time of '2026-05-24T17:47:28.4265671Z'
Number of updated asset objects reloaded before import = 0Number of asset objects unloaded after import = 0

========================================================================
Received Import Request.
  Time since last request: 0.000021 seconds.
  path: Assets/Scripts/MainMenuController.cs
  artifactKey: Guid(bc29dabd00720fc439fd886a2021df4c) Importer(815301076,1909f56bfc062723c751e8b465ee728b)
Start importing Assets/Scripts/MainMenuController.cs using Guid(bc29dabd00720fc439fd886a2021df4c) Importer(815301076,1909f56bfc062723c751e8b465ee728b) (PreviewImporter) -> (artifact id: '00000000000000000000000000000000') in 0.0013607 seconds
Import Error Code:(4)
Message: Build asset version error: assets/scripts/mainmenucontroller.cs in SourceAssetDB has modification time of '2026-05-24T17:47:27.4439115Z' while content on disk has modification time of '2026-05-24T17:47:28.4265671Z'
  ERROR: Build asset version error: assets/scripts/mainmenucontroller.cs in SourceAssetDB has modification time of '2026-05-24T17:47:27.4439115Z' while content on disk has modification time of '2026-05-24T17:47:28.4265671Z'
Number of updated asset objects reloaded before import = 0Number of asset objects unloaded after import = 0

========================================================================
Received Import Request.
  Time since last request: 0.000030 seconds.
  path: Assets/Scripts/MainMenuController.cs
  artifactKey: Guid(bc29dabd00720fc439fd886a2021df4c) Importer(815301076,1909f56bfc062723c751e8b465ee728b)
Start importing Assets/Scripts/MainMenuController.cs using Guid(bc29dabd00720fc439fd886a2021df4c) Importer(815301076,1909f56bfc062723c751e8b465ee728b) (PreviewImporter) -> (artifact id: '00000000000000000000000000000000') in 0.0008803 seconds
Import Error Code:(4)
Message: Build asset version error: assets/scripts/mainmenucontroller.cs in SourceAssetDB has modification time of '2026-05-24T17:47:27.4439115Z' while content on disk has modification time of '2026-05-24T17:47:28.4265671Z'
  ERROR: Build asset version error: assets/scripts/mainmenucontroller.cs in SourceAssetDB has modification time of '2026-05-24T17:47:27.4439115Z' while content on disk has modification time of '2026-05-24T17:47:28.4265671Z'
Number of updated asset objects reloaded before import = 0Number of asset objects unloaded after import = 0

========================================================================
Received Import Request.
  Time since last request: 0.000045 seconds.
  path: Assets/Scripts/MainMenuController.cs
  artifactKey: Guid(bc29dabd00720fc439fd886a2021df4c) Importer(815301076,1909f56bfc062723c751e8b465ee728b)
Start importing Assets/Scripts/MainMenuController.cs using Guid(bc29dabd00720fc439fd886a2021df4c) Importer(815301076,1909f56bfc062723c751e8b465ee728b) (PreviewImporter) -> (artifact id: '00000000000000000000000000000000') in 0.0008543 seconds
Import Error Code:(4)
Message: Build asset version error: assets/scripts/mainmenucontroller.cs in SourceAssetDB has modification time of '2026-05-24T17:47:27.4439115Z' while content on disk has modification time of '2026-05-24T17:47:28.4265671Z'
  ERROR: Build asset version error: assets/scripts/mainmenucontroller.cs in SourceAssetDB has modification time of '2026-05-24T17:47:27.4439115Z' while content on disk has modification time of '2026-05-24T17:47:28.4265671Z'
Number of updated asset objects reloaded before import = 0Number of asset objects unloaded after import = 0

========================================================================
Received Import Request.
  Time since last request: 0.000019 seconds.
  path: Assets/Scripts/MainMenuController.cs
  artifactKey: Guid(bc29dabd00720fc439fd886a2021df4c) Importer(815301076,1909f56bfc062723c751e8b465ee728b)
Start importing Assets/Scripts/MainMenuController.cs using Guid(bc29dabd00720fc439fd886a2021df4c) Importer(815301076,1909f56bfc062723c751e8b465ee728b) (PreviewImporter) -> (artifact id: '00000000000000000000000000000000') in 0.0007509 seconds
Import Error Code:(4)
Message: Build asset version error: assets/scripts/mainmenucontroller.cs in SourceAssetDB has modification time of '2026-05-24T17:47:27.4439115Z' while content on disk has modification time of '2026-05-24T17:47:28.4265671Z'
  ERROR: Build asset version error: assets/scripts/mainmenucontroller.cs in SourceAssetDB has modification time of '2026-05-24T17:47:27.4439115Z' while content on disk has modification time of '2026-05-24T17:47:28.4265671Z'
Number of updated asset objects reloaded before import = 0Number of asset objects unloaded after import = 0

========================================================================
Received Import Request.
  Time since last request: 0.000036 seconds.
  path: Assets/Scripts/MainMenuController.cs
  artifactKey: Guid(bc29dabd00720fc439fd886a2021df4c) Importer(815301076,1909f56bfc062723c751e8b465ee728b)
Start importing Assets/Scripts/MainMenuController.cs using Guid(bc29dabd00720fc439fd886a2021df4c) Importer(815301076,1909f56bfc062723c751e8b465ee728b) (PreviewImporter) -> (artifact id: '00000000000000000000000000000000') in 0.0010888 seconds
Import Error Code:(4)
Message: Build asset version error: assets/scripts/mainmenucontroller.cs in SourceAssetDB has modification time of '2026-05-24T17:47:27.4439115Z' while content on disk has modification time of '2026-05-24T17:47:28.4265671Z'
  ERROR: Build asset version error: assets/scripts/mainmenucontroller.cs in SourceAssetDB has modification time of '2026-05-24T17:47:27.4439115Z' while content on disk has modification time of '2026-05-24T17:47:28.4265671Z'
Number of updated asset objects reloaded before import = 0Number of asset objects unloaded after import = 0

========================================================================
Received Import Request.
  Time since last request: 0.000031 seconds.
  path: Assets/Scripts/MainMenuController.cs
  artifactKey: Guid(bc29dabd00720fc439fd886a2021df4c) Importer(815301076,1909f56bfc062723c751e8b465ee728b)
Start importing Assets/Scripts/MainMenuController.cs using Guid(bc29dabd00720fc439fd886a2021df4c) Importer(815301076,1909f56bfc062723c751e8b465ee728b) (PreviewImporter) -> (artifact id: '00000000000000000000000000000000') in 0.0006056 seconds
Import Error Code:(4)
Message: Build asset version error: assets/scripts/mainmenucontroller.cs in SourceAssetDB has modification time of '2026-05-24T17:47:27.4439115Z' while content on disk has modification time of '2026-05-24T17:47:28.4265671Z'
  ERROR: Build asset version error: assets/scripts/mainmenucontroller.cs in SourceAssetDB has modification time of '2026-05-24T17:47:27.4439115Z' while content on disk has modification time of '2026-05-24T17:47:28.4265671Z'
Number of updated asset objects reloaded before import = 0Number of asset objects unloaded after import = 0

========================================================================
Received Import Request.
  Time since last request: 0.000027 seconds.
  path: Assets/Scripts/MainMenuController.cs
  artifactKey: Guid(bc29dabd00720fc439fd886a2021df4c) Importer(815301076,1909f56bfc062723c751e8b465ee728b)
Start importing Assets/Scripts/MainMenuController.cs using Guid(bc29dabd00720fc439fd886a2021df4c) Importer(815301076,1909f56bfc062723c751e8b465ee728b) (PreviewImporter) -> (artifact id: '00000000000000000000000000000000') in 0.0008714 seconds
Import Error Code:(4)
Message: Build asset version error: assets/scripts/mainmenucontroller.cs in SourceAssetDB has modification time of '2026-05-24T17:47:27.4439115Z' while content on disk has modification time of '2026-05-24T17:47:28.4265671Z'
  ERROR: Build asset version error: assets/scripts/mainmenucontroller.cs in SourceAssetDB has modification time of '2026-05-24T17:47:27.4439115Z' while content on disk has modification time of '2026-05-24T17:47:28.4265671Z'
Number of updated asset objects reloaded before import = 0Number of asset objects unloaded after import = 0

========================================================================
Received Import Request.
  Time since last request: 0.000023 seconds.
  path: Assets/Scripts/MainMenuController.cs
  artifactKey: Guid(bc29dabd00720fc439fd886a2021df4c) Importer(815301076,1909f56bfc062723c751e8b465ee728b)
Start importing Assets/Scripts/MainMenuController.cs using Guid(bc29dabd00720fc439fd886a2021df4c) Importer(815301076,1909f56bfc062723c751e8b465ee728b) (PreviewImporter) -> (artifact id: '00000000000000000000000000000000') in 0.0009901 seconds
Import Error Code:(4)
Message: Build asset version error: assets/scripts/mainmenucontroller.cs in SourceAssetDB has modification time of '2026-05-24T17:47:27.4439115Z' while content on disk has modification time of '2026-05-24T17:47:28.4265671Z'
  ERROR: Build asset version error: assets/scripts/mainmenucontroller.cs in SourceAssetDB has modification time of '2026-05-24T17:47:27.4439115Z' while content on disk has modification time of '2026-05-24T17:47:28.4265671Z'
Number of updated asset objects reloaded before import = 0Number of asset objects unloaded after import = 0

========================================================================
Received Import Request.
  Time since last request: 0.000031 seconds.
  path: Assets/Scripts/MainMenuController.cs
  artifactKey: Guid(bc29dabd00720fc439fd886a2021df4c) Importer(815301076,1909f56bfc062723c751e8b465ee728b)
Start importing Assets/Scripts/MainMenuController.cs using Guid(bc29dabd00720fc439fd886a2021df4c) Importer(815301076,1909f56bfc062723c751e8b465ee728b) (PreviewImporter) -> (artifact id: '00000000000000000000000000000000') in 0.0007452 seconds
Import Error Code:(4)
Message: Build asset version error: assets/scripts/mainmenucontroller.cs in SourceAssetDB has modification time of '2026-05-24T17:47:27.4439115Z' while content on disk has modification time of '2026-05-24T17:47:28.4265671Z'
  ERROR: Build asset version error: assets/scripts/mainmenucontroller.cs in SourceAssetDB has modification time of '2026-05-24T17:47:27.4439115Z' while content on disk has modification time of '2026-05-24T17:47:28.4265671Z'
Number of updated asset objects reloaded before import = 0Number of asset objects unloaded after import = 0

========================================================================
Received Import Request.
  Time since last request: 0.000030 seconds.
  path: Assets/Scripts/MainMenuController.cs
  artifactKey: Guid(bc29dabd00720fc439fd886a2021df4c) Importer(815301076,1909f56bfc062723c751e8b465ee728b)
Start importing Assets/Scripts/MainMenuController.cs using Guid(bc29dabd00720fc439fd886a2021df4c) Importer(815301076,1909f56bfc062723c751e8b465ee728b) (PreviewImporter) -> (artifact id: '00000000000000000000000000000000') in 0.0009549 seconds
Import Error Code:(4)
Message: Build asset version error: assets/scripts/mainmenucontroller.cs in SourceAssetDB has modification time of '2026-05-24T17:47:27.4439115Z' while content on disk has modification time of '2026-05-24T17:47:28.4265671Z'
  ERROR: Build asset version error: assets/scripts/mainmenucontroller.cs in SourceAssetDB has modification time of '2026-05-24T17:47:27.4439115Z' while content on disk has modification time of '2026-05-24T17:47:28.4265671Z'
Number of updated asset objects reloaded before import = 0Number of asset objects unloaded after import = 0

========================================================================
Received Import Request.
  Time since last request: 0.000203 seconds.
  path: Assets/Scripts/MainMenuController.cs
  artifactKey: Guid(bc29dabd00720fc439fd886a2021df4c) Importer(815301076,1909f56bfc062723c751e8b465ee728b)
Start importing Assets/Scripts/MainMenuController.cs using Guid(bc29dabd00720fc439fd886a2021df4c) Importer(815301076,1909f56bfc062723c751e8b465ee728b) (PreviewImporter) -> (artifact id: '00000000000000000000000000000000') in 0.0009433 seconds
Import Error Code:(4)
Message: Build asset version error: assets/scripts/mainmenucontroller.cs in SourceAssetDB has modification time of '2026-05-24T17:47:27.4439115Z' while content on disk has modification time of '2026-05-24T17:47:28.4265671Z'
  ERROR: Build asset version error: assets/scripts/mainmenucontroller.cs in SourceAssetDB has modification time of '2026-05-24T17:47:27.4439115Z' while content on disk has modification time of '2026-05-24T17:47:28.4265671Z'
Number of updated asset objects reloaded before import = 0Number of asset objects unloaded after import = 0

========================================================================
Received Import Request.
  Time since last request: 0.000048 seconds.
  path: Assets/Scripts/MainMenuController.cs
  artifactKey: Guid(bc29dabd00720fc439fd886a2021df4c) Importer(815301076,1909f56bfc062723c751e8b465ee728b)
Start importing Assets/Scripts/MainMenuController.cs using Guid(bc29dabd00720fc439fd886a2021df4c) Importer(815301076,1909f56bfc062723c751e8b465ee728b) (PreviewImporter) -> (artifact id: '00000000000000000000000000000000') in 0.0007459 seconds
Import Error Code:(4)
Message: Build asset version error: assets/scripts/mainmenucontroller.cs in SourceAssetDB has modification time of '2026-05-24T17:47:27.4439115Z' while content on disk has modification time of '2026-05-24T17:47:28.4265671Z'
  ERROR: Build asset version error: assets/scripts/mainmenucontroller.cs in SourceAssetDB has modification time of '2026-05-24T17:47:27.4439115Z' while content on disk has modification time of '2026-05-24T17:47:28.4265671Z'
Number of updated asset objects reloaded before import = 0Number of asset objects unloaded after import = 0

========================================================================
Received Import Request.
  Time since last request: 0.000033 seconds.
  path: Assets/Scripts/MainMenuController.cs
  artifactKey: Guid(bc29dabd00720fc439fd886a2021df4c) Importer(815301076,1909f56bfc062723c751e8b465ee728b)
Start importing Assets/Scripts/MainMenuController.cs using Guid(bc29dabd00720fc439fd886a2021df4c) Importer(815301076,1909f56bfc062723c751e8b465ee728b) (PreviewImporter) -> (artifact id: '00000000000000000000000000000000') in 0.0011608 seconds
Import Error Code:(4)
Message: Build asset version error: assets/scripts/mainmenucontroller.cs in SourceAssetDB has modification time of '2026-05-24T17:47:27.4439115Z' while content on disk has modification time of '2026-05-24T17:47:28.4265671Z'
  ERROR: Build asset version error: assets/scripts/mainmenucontroller.cs in SourceAssetDB has modification time of '2026-05-24T17:47:27.4439115Z' while content on disk has modification time of '2026-05-24T17:47:28.4265671Z'
Number of updated asset objects reloaded before import = 0Number of asset objects unloaded after import = 0

========================================================================
Received Import Request.
  Time since last request: 0.000037 seconds.
  path: Assets/Scripts/MainMenuController.cs
  artifactKey: Guid(bc29dabd00720fc439fd886a2021df4c) Importer(815301076,1909f56bfc062723c751e8b465ee728b)
Start importing Assets/Scripts/MainMenuController.cs using Guid(bc29dabd00720fc439fd886a2021df4c) Importer(815301076,1909f56bfc062723c751e8b465ee728b) (PreviewImporter) -> (artifact id: '00000000000000000000000000000000') in 0.0014562 seconds
Import Error Code:(4)
Message: Build asset version error: assets/scripts/mainmenucontroller.cs in SourceAssetDB has modification time of '2026-05-24T17:47:27.4439115Z' while content on disk has modification time of '2026-05-24T17:47:28.4265671Z'
  ERROR: Build asset version error: assets/scripts/mainmenucontroller.cs in SourceAssetDB has modification time of '2026-05-24T17:47:27.4439115Z' while content on disk has modification time of '2026-05-24T17:47:28.4265671Z'
Number of updated asset objects reloaded before import = 0Number of asset objects unloaded after import = 0

========================================================================
Received Import Request.
  Time since last request: 0.000029 seconds.
  path: Assets/Scripts/MainMenuController.cs
  artifactKey: Guid(bc29dabd00720fc439fd886a2021df4c) Importer(815301076,1909f56bfc062723c751e8b465ee728b)
Start importing Assets/Scripts/MainMenuController.cs using Guid(bc29dabd00720fc439fd886a2021df4c) Importer(815301076,1909f56bfc062723c751e8b465ee728b) (PreviewImporter) -> (artifact id: '00000000000000000000000000000000') in 0.0014379 seconds
Import Error Code:(4)
Message: Build asset version error: assets/scripts/mainmenucontroller.cs in SourceAssetDB has modification time of '2026-05-24T17:47:27.4439115Z' while content on disk has modification time of '2026-05-24T17:47:28.4265671Z'
  ERROR: Build asset version error: assets/scripts/mainmenucontroller.cs in SourceAssetDB has modification time of '2026-05-24T17:47:27.4439115Z' while content on disk has modification time of '2026-05-24T17:47:28.4265671Z'
Number of updated asset objects reloaded before import = 0Number of asset objects unloaded after import = 0

========================================================================
Received Import Request.
  Time since last request: 0.000030 seconds.
  path: Assets/Scripts/MainMenuController.cs
  artifactKey: Guid(bc29dabd00720fc439fd886a2021df4c) Importer(815301076,1909f56bfc062723c751e8b465ee728b)
Start importing Assets/Scripts/MainMenuController.cs using Guid(bc29dabd00720fc439fd886a2021df4c) Importer(815301076,1909f56bfc062723c751e8b465ee728b) (PreviewImporter) -> (artifact id: '00000000000000000000000000000000') in 0.0020718 seconds
Import Error Code:(4)
Message: Build asset version error: assets/scripts/mainmenucontroller.cs in SourceAssetDB has modification time of '2026-05-24T17:47:27.4439115Z' while content on disk has modification time of '2026-05-24T17:47:28.4265671Z'
  ERROR: Build asset version error: assets/scripts/mainmenucontroller.cs in SourceAssetDB has modification time of '2026-05-24T17:47:27.4439115Z' while content on disk has modification time of '2026-05-24T17:47:28.4265671Z'
Number of updated asset objects reloaded before import = 0Number of asset objects unloaded after import = 0

========================================================================
Received Import Request.
  Time since last request: 0.000039 seconds.
  path: Assets/Scripts/MainMenuController.cs
  artifactKey: Guid(bc29dabd00720fc439fd886a2021df4c) Importer(815301076,1909f56bfc062723c751e8b465ee728b)
Start importing Assets/Scripts/MainMenuController.cs using Guid(bc29dabd00720fc439fd886a2021df4c) Importer(815301076,1909f56bfc062723c751e8b465ee728b) (PreviewImporter) -> (artifact id: '00000000000000000000000000000000') in 0.0012367 seconds
Import Error Code:(4)
Message: Build asset version error: assets/scripts/mainmenucontroller.cs in SourceAssetDB has modification time of '2026-05-24T17:47:27.4439115Z' while content on disk has modification time of '2026-05-24T17:47:28.4265671Z'
  ERROR: Build asset version error: assets/scripts/mainmenucontroller.cs in SourceAssetDB has modification time of '2026-05-24T17:47:27.4439115Z' while content on disk has modification time of '2026-05-24T17:47:28.4265671Z'
Number of updated asset objects reloaded before import = 0Number of asset objects unloaded after import = 0

========================================================================
Received Import Request.
  Time since last request: 0.000048 seconds.
  path: Assets/Scripts/MainMenuController.cs
  artifactKey: Guid(bc29dabd00720fc439fd886a2021df4c) Importer(815301076,1909f56bfc062723c751e8b465ee728b)
Start importing Assets/Scripts/MainMenuController.cs using Guid(bc29dabd00720fc439fd886a2021df4c) Importer(815301076,1909f56bfc062723c751e8b465ee728b) (PreviewImporter) -> (artifact id: '00000000000000000000000000000000') in 0.0009275 seconds
Import Error Code:(4)
Message: Build asset version error: assets/scripts/mainmenucontroller.cs in SourceAssetDB has modification time of '2026-05-24T17:47:27.4439115Z' while content on disk has modification time of '2026-05-24T17:47:28.4265671Z'
  ERROR: Build asset version error: assets/scripts/mainmenucontroller.cs in SourceAssetDB has modification time of '2026-05-24T17:47:27.4439115Z' while content on disk has modification time of '2026-05-24T17:47:28.4265671Z'
Number of updated asset objects reloaded before import = 0Number of asset objects unloaded after import = 0

========================================================================
Received Import Request.
  Time since last request: 0.000030 seconds.
  path: Assets/Scripts/MainMenuController.cs
  artifactKey: Guid(bc29dabd00720fc439fd886a2021df4c) Importer(815301076,1909f56bfc062723c751e8b465ee728b)
Start importing Assets/Scripts/MainMenuController.cs using Guid(bc29dabd00720fc439fd886a2021df4c) Importer(815301076,1909f56bfc062723c751e8b465ee728b) (PreviewImporter) -> (artifact id: '00000000000000000000000000000000') in 0.0005683 seconds
Import Error Code:(4)
Message: Build asset version error: assets/scripts/mainmenucontroller.cs in SourceAssetDB has modification time of '2026-05-24T17:47:27.4439115Z' while content on disk has modification time of '2026-05-24T17:47:28.4265671Z'
  ERROR: Build asset version error: assets/scripts/mainmenucontroller.cs in SourceAssetDB has modification time of '2026-05-24T17:47:27.4439115Z' while content on disk has modification time of '2026-05-24T17:47:28.4265671Z'
Number of updated asset objects reloaded before import = 0Number of asset objects unloaded after import = 0

========================================================================
Received Import Request.
  Time since last request: 0.000038 seconds.
  path: Assets/Scripts/MainMenuController.cs
  artifactKey: Guid(bc29dabd00720fc439fd886a2021df4c) Importer(815301076,1909f56bfc062723c751e8b465ee728b)
Start importing Assets/Scripts/MainMenuController.cs using Guid(bc29dabd00720fc439fd886a2021df4c) Importer(815301076,1909f56bfc062723c751e8b465ee728b) (PreviewImporter) -> (artifact id: '00000000000000000000000000000000') in 0.0011414 seconds
Import Error Code:(4)
Message: Build asset version error: assets/scripts/mainmenucontroller.cs in SourceAssetDB has modification time of '2026-05-24T17:47:27.4439115Z' while content on disk has modification time of '2026-05-24T17:47:28.4265671Z'
  ERROR: Build asset version error: assets/scripts/mainmenucontroller.cs in SourceAssetDB has modification time of '2026-05-24T17:47:27.4439115Z' while content on disk has modification time of '2026-05-24T17:47:28.4265671Z'
Number of updated asset objects reloaded before import = 0Number of asset objects unloaded after import = 0

========================================================================
Received Import Request.
  Time since last request: 0.000053 seconds.
  path: Assets/Scripts/MainMenuController.cs
  artifactKey: Guid(bc29dabd00720fc439fd886a2021df4c) Importer(815301076,1909f56bfc062723c751e8b465ee728b)
Start importing Assets/Scripts/MainMenuController.cs using Guid(bc29dabd00720fc439fd886a2021df4c) Importer(815301076,1909f56bfc062723c751e8b465ee728b) (PreviewImporter) -> (artifact id: '00000000000000000000000000000000') in 0.0006936 seconds
Import Error Code:(4)
Message: Build asset version error: assets/scripts/mainmenucontroller.cs in SourceAssetDB has modification time of '2026-05-24T17:47:27.4439115Z' while content on disk has modification time of '2026-05-24T17:47:28.4265671Z'
  ERROR: Build asset version error: assets/scripts/mainmenucontroller.cs in SourceAssetDB has modification time of '2026-05-24T17:47:27.4439115Z' while content on disk has modification time of '2026-05-24T17:47:28.4265671Z'
Number of updated asset objects reloaded before import = 0Number of asset objects unloaded after import = 0

========================================================================
Received Import Request.
  Time since last request: 0.000037 seconds.
  path: Assets/Scripts/MainMenuController.cs
  artifactKey: Guid(bc29dabd00720fc439fd886a2021df4c) Importer(815301076,1909f56bfc062723c751e8b465ee728b)
Start importing Assets/Scripts/MainMenuController.cs using Guid(bc29dabd00720fc439fd886a2021df4c) Importer(815301076,1909f56bfc062723c751e8b465ee728b) (PreviewImporter) -> (artifact id: '00000000000000000000000000000000') in 0.0013515 seconds
Import Error Code:(4)
Message: Build asset version error: assets/scripts/mainmenucontroller.cs in SourceAssetDB has modification time of '2026-05-24T17:47:27.4439115Z' while content on disk has modification time of '2026-05-24T17:47:28.4265671Z'
  ERROR: Build asset version error: assets/scripts/mainmenucontroller.cs in SourceAssetDB has modification time of '2026-05-24T17:47:27.4439115Z' while content on disk has modification time of '2026-05-24T17:47:28.4265671Z'
Number of updated asset objects reloaded before import = 0Number of asset objects unloaded after import = 0

========================================================================
Received Import Request.
  Time since last request: 0.000040 seconds.
  path: Assets/Scripts/MainMenuController.cs
  artifactKey: Guid(bc29dabd00720fc439fd886a2021df4c) Importer(815301076,1909f56bfc062723c751e8b465ee728b)
Start importing Assets/Scripts/MainMenuController.cs using Guid(bc29dabd00720fc439fd886a2021df4c) Importer(815301076,1909f56bfc062723c751e8b465ee728b) (PreviewImporter) -> (artifact id: '00000000000000000000000000000000') in 0.0022351 seconds
Import Error Code:(4)
Message: Build asset version error: assets/scripts/mainmenucontroller.cs in SourceAssetDB has modification time of '2026-05-24T17:47:27.4439115Z' while content on disk has modification time of '2026-05-24T17:47:28.4265671Z'
  ERROR: Build asset version error: assets/scripts/mainmenucontroller.cs in SourceAssetDB has modification time of '2026-05-24T17:47:27.4439115Z' while content on disk has modification time of '2026-05-24T17:47:28.4265671Z'
Number of updated asset objects reloaded before import = 0Number of asset objects unloaded after import = 0

========================================================================
Received Import Request.
  Time since last request: 0.000057 seconds.
  path: Assets/Scripts/MainMenuController.cs
  artifactKey: Guid(bc29dabd00720fc439fd886a2021df4c) Importer(815301076,1909f56bfc062723c751e8b465ee728b)
Start importing Assets/Scripts/MainMenuController.cs using Guid(bc29dabd00720fc439fd886a2021df4c) Importer(815301076,1909f56bfc062723c751e8b465ee728b) (PreviewImporter) -> (artifact id: '00000000000000000000000000000000') in 0.0025342 seconds
Import Error Code:(4)
Message: Build asset version error: assets/scripts/mainmenucontroller.cs in SourceAssetDB has modification time of '2026-05-24T17:47:27.4439115Z' while content on disk has modification time of '2026-05-24T17:47:28.4265671Z'
  ERROR: Build asset version error: assets/scripts/mainmenucontroller.cs in SourceAssetDB has modification time of '2026-05-24T17:47:27.4439115Z' while content on disk has modification time of '2026-05-24T17:47:28.4265671Z'
Number of updated asset objects reloaded before import = 0Number of asset objects unloaded after import = 0

========================================================================
Received Import Request.
  Time since last request: 0.000019 seconds.
  path: Assets/Scripts/MainMenuController.cs
  artifactKey: Guid(bc29dabd00720fc439fd886a2021df4c) Importer(815301076,1909f56bfc062723c751e8b465ee728b)
Start importing Assets/Scripts/MainMenuController.cs using Guid(bc29dabd00720fc439fd886a2021df4c) Importer(815301076,1909f56bfc062723c751e8b465ee728b) (PreviewImporter) -> (artifact id: '00000000000000000000000000000000') in 0.000978 seconds
Import Error Code:(4)
Message: Build asset version error: assets/scripts/mainmenucontroller.cs in SourceAssetDB has modification time of '2026-05-24T17:47:27.4439115Z' while content on disk has modification time of '2026-05-24T17:47:28.4265671Z'
  ERROR: Build asset version error: assets/scripts/mainmenucontroller.cs in SourceAssetDB has modification time of '2026-05-24T17:47:27.4439115Z' while content on disk has modification time of '2026-05-24T17:47:28.4265671Z'
Number of updated asset objects reloaded before import = 0Number of asset objects unloaded after import = 0

========================================================================
Received Import Request.
  Time since last request: 0.000024 seconds.
  path: Assets/Scripts/MainMenuController.cs
  artifactKey: Guid(bc29dabd00720fc439fd886a2021df4c) Importer(815301076,1909f56bfc062723c751e8b465ee728b)
Start importing Assets/Scripts/MainMenuController.cs using Guid(bc29dabd00720fc439fd886a2021df4c) Importer(815301076,1909f56bfc062723c751e8b465ee728b) (PreviewImporter) -> (artifact id: '00000000000000000000000000000000') in 0.0006818 seconds
Import Error Code:(4)
Message: Build asset version error: assets/scripts/mainmenucontroller.cs in SourceAssetDB has modification time of '2026-05-24T17:47:27.4439115Z' while content on disk has modification time of '2026-05-24T17:47:28.4265671Z'
  ERROR: Build asset version error: assets/scripts/mainmenucontroller.cs in SourceAssetDB has modification time of '2026-05-24T17:47:27.4439115Z' while content on disk has modification time of '2026-05-24T17:47:28.4265671Z'
Number of updated asset objects reloaded before import = 0Number of asset objects unloaded after import = 0

========================================================================
Received Import Request.
  Time since last request: 0.000024 seconds.
  path: Assets/Scripts/MainMenuController.cs
  artifactKey: Guid(bc29dabd00720fc439fd886a2021df4c) Importer(815301076,1909f56bfc062723c751e8b465ee728b)
Start importing Assets/Scripts/MainMenuController.cs using Guid(bc29dabd00720fc439fd886a2021df4c) Importer(815301076,1909f56bfc062723c751e8b465ee728b) (PreviewImporter) -> (artifact id: '00000000000000000000000000000000') in 0.0004288 seconds
Import Error Code:(4)
Message: Build asset version error: assets/scripts/mainmenucontroller.cs in SourceAssetDB has modification time of '2026-05-24T17:47:27.4439115Z' while content on disk has modification time of '2026-05-24T17:47:28.4265671Z'
  ERROR: Build asset version error: assets/scripts/mainmenucontroller.cs in SourceAssetDB has modification time of '2026-05-24T17:47:27.4439115Z' while content on disk has modification time of '2026-05-24T17:47:28.4265671Z'
Number of updated asset objects reloaded before import = 0Number of asset objects unloaded after import = 0

========================================================================
Received Prepare
Assembly reference Packages/com.unity.cinemachine/Editor/Samples/ExposeHDRPInternals/HDRP-Editor-ref.asmref has no target assembly definition
Assembly reference Packages/com.unity.cinemachine/Editor/Samples/ExposeHDRPInternals/HDRP-Editor-ref.asmref has no target assembly definition
Begin MonoManager ReloadAssembly
[Licensing::Client] Successfully resolved entitlement details
- Loaded All Assemblies, in  0.676 seconds
Assembly reference Packages/com.unity.cinemachine/Editor/Samples/ExposeHDRPInternals/HDRP-Editor-ref.asmref has no target assembly definition
'Packages/com.unity.cinemachine/Editor/Obsolete/CinemachineVirtualCameraBaseEditor.cs' contains partial class of Unity.Object, exactly 1 of the partial classes needs to be in a file with the same filename. This is to know the one that can be referenced from ie. GameObjects
'Packages/com.unity.cinemachine/Editor/Editors/CinemachineVirtualCameraBaseEditor.cs' contains partial class of Unity.Object, exactly 1 of the partial classes needs to be in a file with the same filename. This is to know the one that can be referenced from ie. GameObjects
Refreshing native plugins compatible for Editor in 0.88 ms, found 4 plugins.
Native extension for Android target not found
Native extension for WindowsStandalone target not found
Assembly reference Packages/com.unity.cinemachine/Editor/Samples/ExposeHDRPInternals/HDRP-Editor-ref.asmref has no target assembly definition
[Package Manager] Failed to launch server process. Reason: Unity was launched with the -noUpm command-line argument
[Package Manager] Unable to send message (not connected to server process).
[Package Manager] Cannot connect to Unity Package Manager local server
[Package Manager] Failed to launch server process. Reason: Unity was launched with the -noUpm command-line argument
[Package Manager] Unable to send message (not connected to server process).
[Package Manager] Cannot connect to Unity Package Manager local server
[Package Manager] Failed to launch server process. Reason: Unity was launched with the -noUpm command-line argument
[Package Manager] Unable to send message (not connected to server process).
[Package Manager] Cannot connect to Unity Package Manager local server
ScheduleIndexationOnStartup MainProcess:False IndexOnStartup:True
Mono: successfully reloaded assembly
- Finished resetting the current domain, in  0.736 seconds
Domain Reload Profiling: 1414ms
	BeginReloadAssembly (179ms)
		ExecutionOrderSort (0ms)
		DisableScriptedObjects (12ms)
		BackupInstance (0ms)
		ReleaseScriptingObjects (0ms)
		CreateAndSetChildDomain (42ms)
	RebuildCommonClasses (28ms)
	RebuildNativeTypeToScriptingClass (10ms)
	initialDomainReloadingComplete (22ms)
	LoadAllAssembliesAndSetupDomain (438ms)
		LoadAssemblies (321ms)
		RebuildTransferFunctionScriptingTraits (0ms)
		AnalyzeDomain (195ms)
			TypeCache.Refresh (9ms)
				TypeCache.ScanAssembly (1ms)
			BuildScriptInfoCaches (172ms)
			ResolveRequiredComponents (9ms)
	FinalizeReload (737ms)
		ReleaseScriptCaches (0ms)
		RebuildScriptCaches (0ms)
		SetupLoadedEditorAssemblies (608ms)
			LogAssemblyErrors (0ms)
			InitializePlatformSupportModulesInManaged (6ms)
			SetLoadedEditorAssemblies (6ms)
			BeforeProcessingInitializeOnLoad (188ms)
			ProcessInitializeOnLoadAttributes (339ms)
			ProcessInitializeOnLoadMethodAttributes (64ms)
			AfterProcessingInitializeOnLoad (5ms)
			EditorAssembliesLoaded (1ms)
		ExecutionOrderSort2 (0ms)
		AwakeInstancesAfterBackupRestoration (11ms)
Refreshing native plugins compatible for Editor in 1.83 ms, found 4 plugins.
Preloading 0 native plugins for Editor in 0.00 ms.
Unloading 17 Unused Serialized files (Serialized files now loaded: 0)
Unloading 7345 unused Assets / (4.5 MB). Loaded Objects now: 8190.
Memory consumption went from 161.9 MB to 157.4 MB.
Total: 9.415100 ms (FindLiveObjects: 0.705500 ms CreateObjectMapping: 0.670300 ms MarkObjects: 5.828300 ms  DeleteObjects: 2.209200 ms)

Prepare: number of updated asset objects reloaded= 0
========================================================================
Received Import Request.
  Time since last request: 7.111777 seconds.
  path: Assets/Scripts/MainMenuController.cs
  artifactKey: Guid(bc29dabd00720fc439fd886a2021df4c) Importer(815301076,1909f56bfc062723c751e8b465ee728b)
Start importing Assets/Scripts/MainMenuController.cs using Guid(bc29dabd00720fc439fd886a2021df4c) Importer(815301076,1909f56bfc062723c751e8b465ee728b) (PreviewImporter) -> (artifact id: '9bb0673a7fd25a47d1e602228673e879') in 0.0084188 seconds
Number of updated asset objects reloaded before import = 0Number of asset objects unloaded after import = 0

========================================================================
Received Prepare
'Packages/com.unity.cinemachine/Editor/Obsolete/CinemachineVirtualCameraBaseEditor.cs' contains partial class of Unity.Object, exactly 1 of the partial classes needs to be in a file with the same filename. This is to know the one that can be referenced from ie. GameObjects
'Packages/com.unity.cinemachine/Editor/Editors/CinemachineVirtualCameraBaseEditor.cs' contains partial class of Unity.Object, exactly 1 of the partial classes needs to be in a file with the same filename. This is to know the one that can be referenced from ie. GameObjects
Refreshing native plugins compatible for Editor in 9.33 ms, found 4 plugins.
Preloading 0 native plugins for Editor in 0.00 ms.
Unloading 17 Unused Serialized files (Serialized files now loaded: 0)
Unloading 7335 unused Assets / (4.2 MB). Loaded Objects now: 8190.
Memory consumption went from 162.1 MB to 157.9 MB.
Total: 31.399900 ms (FindLiveObjects: 7.172000 ms CreateObjectMapping: 2.051000 ms MarkObjects: 14.271600 ms  DeleteObjects: 7.903200 ms)

Prepare: number of updated asset objects reloaded= 0
========================================================================
Received Prepare
Assembly reference Packages/com.unity.cinemachine/Editor/Samples/ExposeHDRPInternals/HDRP-Editor-ref.asmref has no target assembly definition
Assembly reference Packages/com.unity.cinemachine/Editor/Samples/ExposeHDRPInternals/HDRP-Editor-ref.asmref has no target assembly definition
Begin MonoManager ReloadAssembly
[Licensing::Client] Successfully resolved entitlement details
- Loaded All Assemblies, in  2.586 seconds
Assembly reference Packages/com.unity.cinemachine/Editor/Samples/ExposeHDRPInternals/HDRP-Editor-ref.asmref has no target assembly definition
'Packages/com.unity.cinemachine/Editor/Obsolete/CinemachineVirtualCameraBaseEditor.cs' contains partial class of Unity.Object, exactly 1 of the partial classes needs to be in a file with the same filename. This is to know the one that can be referenced from ie. GameObjects
'Packages/com.unity.cinemachine/Editor/Editors/CinemachineVirtualCameraBaseEditor.cs' contains partial class of Unity.Object, exactly 1 of the partial classes needs to be in a file with the same filename. This is to know the one that can be referenced from ie. GameObjects
Refreshing native plugins compatible for Editor in 6.63 ms, found 4 plugins.
Native extension for Android target not found
Native extension for WindowsStandalone target not found
Assembly reference Packages/com.unity.cinemachine/Editor/Samples/ExposeHDRPInternals/HDRP-Editor-ref.asmref has no target assembly definition
[Package Manager] Failed to launch server process. Reason: Unity was launched with the -noUpm command-line argument
[Package Manager] Unable to send message (not connected to server process).
[Package Manager] Cannot connect to Unity Package Manager local server
[Package Manager] Failed to launch server process. Reason: Unity was launched with the -noUpm command-line argument
[Package Manager] Unable to send message (not connected to server process).
[Package Manager] Cannot connect to Unity Package Manager local server
[Package Manager] Failed to launch server process. Reason: Unity was launched with the -noUpm command-line argument
[Package Manager] Unable to send message (not connected to server process).
[Package Manager] Cannot connect to Unity Package Manager local server
ScheduleIndexationOnStartup MainProcess:False IndexOnStartup:True
Mono: successfully reloaded assembly
- Finished resetting the current domain, in  1.208 seconds
Domain Reload Profiling: 3794ms
	BeginReloadAssembly (578ms)
		ExecutionOrderSort (0ms)
		DisableScriptedObjects (49ms)
		BackupInstance (0ms)
		ReleaseScriptingObjects (0ms)
		CreateAndSetChildDomain (107ms)
	RebuildCommonClasses (93ms)
	RebuildNativeTypeToScriptingClass (36ms)
	initialDomainReloadingComplete (109ms)
	LoadAllAssembliesAndSetupDomain (1770ms)
		LoadAssemblies (1356ms)
		RebuildTransferFunctionScriptingTraits (0ms)
		AnalyzeDomain (700ms)
			TypeCache.Refresh (26ms)
				TypeCache.ScanAssembly (2ms)
			BuildScriptInfoCaches (626ms)
			ResolveRequiredComponents (36ms)
	FinalizeReload (1209ms)
		ReleaseScriptCaches (0ms)
		RebuildScriptCaches (0ms)
		SetupLoadedEditorAssemblies (847ms)
			LogAssemblyErrors (0ms)
			InitializePlatformSupportModulesInManaged (23ms)
			SetLoadedEditorAssemblies (18ms)
			BeforeProcessingInitializeOnLoad (392ms)
			ProcessInitializeOnLoadAttributes (342ms)
			ProcessInitializeOnLoadMethodAttributes (67ms)
			AfterProcessingInitializeOnLoad (4ms)
			EditorAssembliesLoaded (0ms)
		ExecutionOrderSort2 (0ms)
		AwakeInstancesAfterBackupRestoration (11ms)
Refreshing native plugins compatible for Editor in 1.98 ms, found 4 plugins.
Preloading 0 native plugins for Editor in 0.00 ms.
Unloading 17 Unused Serialized files (Serialized files now loaded: 0)
Unloading 7345 unused Assets / (4.9 MB). Loaded Objects now: 8193.
Memory consumption went from 163.9 MB to 159.0 MB.
Total: 9.423800 ms (FindLiveObjects: 0.706100 ms CreateObjectMapping: 0.619200 ms MarkObjects: 5.339300 ms  DeleteObjects: 2.757500 ms)

Prepare: number of updated asset objects reloaded= 0
========================================================================
Received Prepare
Assembly reference Packages/com.unity.cinemachine/Editor/Samples/ExposeHDRPInternals/HDRP-Editor-ref.asmref has no target assembly definition
Assembly reference Packages/com.unity.cinemachine/Editor/Samples/ExposeHDRPInternals/HDRP-Editor-ref.asmref has no target assembly definition
Begin MonoManager ReloadAssembly
[Licensing::Client] Successfully resolved entitlement details
- Loaded All Assemblies, in  0.664 seconds
Assembly reference Packages/com.unity.cinemachine/Editor/Samples/ExposeHDRPInternals/HDRP-Editor-ref.asmref has no target assembly definition
'Packages/com.unity.cinemachine/Editor/Obsolete/CinemachineVirtualCameraBaseEditor.cs' contains partial class of Unity.Object, exactly 1 of the partial classes needs to be in a file with the same filename. This is to know the one that can be referenced from ie. GameObjects
'Packages/com.unity.cinemachine/Editor/Editors/CinemachineVirtualCameraBaseEditor.cs' contains partial class of Unity.Object, exactly 1 of the partial classes needs to be in a file with the same filename. This is to know the one that can be referenced from ie. GameObjects
Refreshing native plugins compatible for Editor in 1.20 ms, found 4 plugins.
Native extension for Android target not found
Native extension for WindowsStandalone target not found
Assembly reference Packages/com.unity.cinemachine/Editor/Samples/ExposeHDRPInternals/HDRP-Editor-ref.asmref has no target assembly definition
[Package Manager] Failed to launch server process. Reason: Unity was launched with the -noUpm command-line argument
[Package Manager] Unable to send message (not connected to server process).
[Package Manager] Cannot connect to Unity Package Manager local server
[Package Manager] Failed to launch server process. Reason: Unity was launched with the -noUpm command-line argument
[Package Manager] Unable to send message (not connected to server process).
[Package Manager] Cannot connect to Unity Package Manager local server
[Package Manager] Failed to launch server process. Reason: Unity was launched with the -noUpm command-line argument
[Package Manager] Unable to send message (not connected to server process).
[Package Manager] Cannot connect to Unity Package Manager local server
ScheduleIndexationOnStartup MainProcess:False IndexOnStartup:True
Mono: successfully reloaded assembly
- Finished resetting the current domain, in  0.710 seconds
Domain Reload Profiling: 1376ms
	BeginReloadAssembly (166ms)
		ExecutionOrderSort (0ms)
		DisableScriptedObjects (12ms)
		BackupInstance (0ms)
		ReleaseScriptingObjects (0ms)
		CreateAndSetChildDomain (37ms)
	RebuildCommonClasses (27ms)
	RebuildNativeTypeToScriptingClass (10ms)
	initialDomainReloadingComplete (23ms)
	LoadAllAssembliesAndSetupDomain (440ms)
		LoadAssemblies (328ms)
		RebuildTransferFunctionScriptingTraits (0ms)
		AnalyzeDomain (183ms)
			TypeCache.Refresh (6ms)
				TypeCache.ScanAssembly (0ms)
			BuildScriptInfoCaches (163ms)
			ResolveRequiredComponents (9ms)
	FinalizeReload (710ms)
		ReleaseScriptCaches (0ms)
		RebuildScriptCaches (0ms)
		SetupLoadedEditorAssemblies (584ms)
			LogAssemblyErrors (0ms)
			InitializePlatformSupportModulesInManaged (7ms)
			SetLoadedEditorAssemblies (6ms)
			BeforeProcessingInitializeOnLoad (176ms)
			ProcessInitializeOnLoadAttributes (325ms)
			ProcessInitializeOnLoadMethodAttributes (67ms)
			AfterProcessingInitializeOnLoad (4ms)
			EditorAssembliesLoaded (0ms)
		ExecutionOrderSort2 (0ms)
		AwakeInstancesAfterBackupRestoration (11ms)
Refreshing native plugins compatible for Editor in 1.85 ms, found 4 plugins.
Preloading 0 native plugins for Editor in 0.00 ms.
Unloading 17 Unused Serialized files (Serialized files now loaded: 0)
Unloading 7345 unused Assets / (5.2 MB). Loaded Objects now: 8196.
Memory consumption went from 163.9 MB to 158.8 MB.
Total: 9.539900 ms (FindLiveObjects: 0.633400 ms CreateObjectMapping: 0.536100 ms MarkObjects: 5.381300 ms  DeleteObjects: 2.987500 ms)

Prepare: number of updated asset objects reloaded= 0
========================================================================
Received Prepare
Assembly reference Packages/com.unity.cinemachine/Editor/Samples/ExposeHDRPInternals/HDRP-Editor-ref.asmref has no target assembly definition
Assembly reference Packages/com.unity.cinemachine/Editor/Samples/ExposeHDRPInternals/HDRP-Editor-ref.asmref has no target assembly definition
Begin MonoManager ReloadAssembly
[Licensing::Client] Successfully resolved entitlement details
- Loaded All Assemblies, in  0.687 seconds
Assembly reference Packages/com.unity.cinemachine/Editor/Samples/ExposeHDRPInternals/HDRP-Editor-ref.asmref has no target assembly definition
'Packages/com.unity.cinemachine/Editor/Obsolete/CinemachineVirtualCameraBaseEditor.cs' contains partial class of Unity.Object, exactly 1 of the partial classes needs to be in a file with the same filename. This is to know the one that can be referenced from ie. GameObjects
'Packages/com.unity.cinemachine/Editor/Editors/CinemachineVirtualCameraBaseEditor.cs' contains partial class of Unity.Object, exactly 1 of the partial classes needs to be in a file with the same filename. This is to know the one that can be referenced from ie. GameObjects
Refreshing native plugins compatible for Editor in 1.31 ms, found 4 plugins.
Native extension for Android target not found
Native extension for WindowsStandalone target not found
Assembly reference Packages/com.unity.cinemachine/Editor/Samples/ExposeHDRPInternals/HDRP-Editor-ref.asmref has no target assembly definition
[Package Manager] Failed to launch server process. Reason: Unity was launched with the -noUpm command-line argument
[Package Manager] Unable to send message (not connected to server process).
[Package Manager] Cannot connect to Unity Package Manager local server
[Package Manager] Failed to launch server process. Reason: Unity was launched with the -noUpm command-line argument
[Package Manager] Unable to send message (not connected to server process).
[Package Manager] Cannot connect to Unity Package Manager local server
[Package Manager] Failed to launch server process. Reason: Unity was launched with the -noUpm command-line argument
[Package Manager] Unable to send message (not connected to server process).
[Package Manager] Cannot connect to Unity Package Manager local server
ScheduleIndexationOnStartup MainProcess:False IndexOnStartup:True
Mono: successfully reloaded assembly
- Finished resetting the current domain, in  0.726 seconds
Domain Reload Profiling: 1415ms
	BeginReloadAssembly (172ms)
		ExecutionOrderSort (0ms)
		DisableScriptedObjects (11ms)
		BackupInstance (0ms)
		ReleaseScriptingObjects (0ms)
		CreateAndSetChildDomain (38ms)
	RebuildCommonClasses (28ms)
	RebuildNativeTypeToScriptingClass (10ms)
	initialDomainReloadingComplete (23ms)
	LoadAllAssembliesAndSetupDomain (455ms)
		LoadAssemblies (328ms)
		RebuildTransferFunctionScriptingTraits (0ms)
		AnalyzeDomain (202ms)
			TypeCache.Refresh (8ms)
				TypeCache.ScanAssembly (0ms)
			BuildScriptInfoCaches (179ms)
			ResolveRequiredComponents (10ms)
	FinalizeReload (727ms)
		ReleaseScriptCaches (0ms)
		RebuildScriptCaches (0ms)
		SetupLoadedEditorAssemblies (589ms)
			LogAssemblyErrors (0ms)
			InitializePlatformSupportModulesInManaged (7ms)
			SetLoadedEditorAssemblies (6ms)
			BeforeProcessingInitializeOnLoad (179ms)
			ProcessInitializeOnLoadAttributes (324ms)
			ProcessInitializeOnLoadMethodAttributes (69ms)
			AfterProcessingInitializeOnLoad (4ms)
			EditorAssembliesLoaded (0ms)
		ExecutionOrderSort2 (0ms)
		AwakeInstancesAfterBackupRestoration (13ms)
Refreshing native plugins compatible for Editor in 2.14 ms, found 4 plugins.
Preloading 0 native plugins for Editor in 0.00 ms.
Unloading 17 Unused Serialized files (Serialized files now loaded: 0)
Unloading 7345 unused Assets / (4.5 MB). Loaded Objects now: 8199.
Memory consumption went from 164.0 MB to 159.5 MB.
Total: 9.922800 ms (FindLiveObjects: 0.752100 ms CreateObjectMapping: 0.713300 ms MarkObjects: 6.079400 ms  DeleteObjects: 2.376200 ms)

Prepare: number of updated asset objects reloaded= 0
========================================================================
Received Import Request.
  Time since last request: 1487.452282 seconds.
  path: Assets/TextMesh Pro/Examples & Extras/Resources/Fonts & Materials/Anton SDF.asset
  artifactKey: Guid(8a89fa14b10d46a99122fd4f73fca9a2) Importer(815301076,1909f56bfc062723c751e8b465ee728b)
Start importing Assets/TextMesh Pro/Examples & Extras/Resources/Fonts & Materials/Anton SDF.asset using Guid(8a89fa14b10d46a99122fd4f73fca9a2) Importer(815301076,1909f56bfc062723c751e8b465ee728b) (PreviewImporter) -> (artifact id: '7bdba6539170a3723c0a8b38576950c1') in 0.595477 seconds
Number of updated asset objects reloaded before import = 0Number of asset objects unloaded after import = 6

========================================================================
Received Import Request.
  Time since last request: 0.000028 seconds.
  path: Assets/TextMesh Pro/Resources/Fonts & Materials/LiberationSans SDF.asset
  artifactKey: Guid(8f586378b4e144a9851e7b34d9b748ee) Importer(815301076,1909f56bfc062723c751e8b465ee728b)
Start importing Assets/TextMesh Pro/Resources/Fonts & Materials/LiberationSans SDF.asset using Guid(8f586378b4e144a9851e7b34d9b748ee) Importer(815301076,1909f56bfc062723c751e8b465ee728b) (PreviewImporter) -> (artifact id: '888831865ac6a9480b100e98ec77bad3') in 0.0332212 seconds
Number of updated asset objects reloaded before import = 0Number of asset objects unloaded after import = 9

========================================================================
Received Import Request.
  Time since last request: 0.000040 seconds.
  path: Assets/TextMesh Pro/Examples & Extras/Resources/Fonts & Materials/Unity SDF.asset
  artifactKey: Guid(c9adb1f542a93ae489bacfeae21e8394) Importer(815301076,1909f56bfc062723c751e8b465ee728b)
Start importing Assets/TextMesh Pro/Examples & Extras/Resources/Fonts & Materials/Unity SDF.asset using Guid(c9adb1f542a93ae489bacfeae21e8394) Importer(815301076,1909f56bfc062723c751e8b465ee728b) (PreviewImporter) -> (artifact id: '107ac91a7be6ebf0ab8e0f6f602e00b5') in 0.0291891 seconds
Number of updated asset objects reloaded before import = 0Number of asset objects unloaded after import = 5

========================================================================
Received Import Request.
  Time since last request: 0.000026 seconds.
  path: Assets/TextMesh Pro/Examples & Extras/Resources/Fonts & Materials/Oswald Bold SDF.asset
  artifactKey: Guid(0161d805a3764c089bef00bfe00793f5) Importer(815301076,1909f56bfc062723c751e8b465ee728b)
Start importing Assets/TextMesh Pro/Examples & Extras/Resources/Fonts & Materials/Oswald Bold SDF.asset using Guid(0161d805a3764c089bef00bfe00793f5) Importer(815301076,1909f56bfc062723c751e8b465ee728b) (PreviewImporter) -> (artifact id: 'b8ab554eb29cb7abe8eb6620bbb49c0e') in 0.0201089 seconds
Number of updated asset objects reloaded before import = 0Number of asset objects unloaded after import = 6

Editor requested this worker to shutdown with reason: Scaling down because of idle timeout
AssetImportWorker is now disconnected from the server
Process exiting
Exiting without the bug reporter. Application will terminate with return code 0